,Position,Variant,MyLabel,A_i,C_i,D_i,E_i,F_i,G_i,H_i,I_i,K_i,L_i,M_i,N_i,P_i,Q_i,R_i,S_i,T_i,V_i,W_i,Y_i,A_f,C_f,D_f,E_f,F_f,G_f,H_f,I_f,K_f,L_f,M_f,N_f,P_f,Q_f,R_f,S_f,T_f,V_f,W_f,Y_f,Cytoplasmic,Extracelullar,Pore,S1,S2,S3,S4,S5,S6,hA,hB,hC,hD,hTW,CaM_interaction,SID_domain,pore_domain,selectivity_filter,unknown_function,voltage_domain,neg_to_neg,neg_to_neu,neg_to_pos,neu_to_neg,neu_to_neu,neu_to_pos,pos_to_neg,pos_to_neu,pos_to_pos,np_to_np,np_to_p,p_to_np,p_to_p,a_to_a,a_to_na,na_to_a,na_to_na,d_size,d_vol,d_pol_e,d_ip_e,d_hf_e,d_msa,d_hf,Conservation,start_codon,coil,helix,membrane_helix,FRAG1,FRAG2,FRAG3,GAP1,GAP2,GAP3,GAP4,pLDDT,VFI_2
0,281,G281R,EIEE,0,0,0,0,0,1,0,0,0,0,0,0,0,0,0,0,0,0,0,0,0,0,0,0,0,0,0,0,0,0,0,0,0,0,1,0,0,0,0,0,0,0,1,0,0,0,0,0,0,0,0,0,0,0,0,0,0,1,0,0,0,0,0,0,0,1,0,0,0,0,0,0,1,0,0,0,1,99.13,70.8,14.899999999999999,61.5,19.900000000000002,-3.8999999999999986,-4.1,0.76872,0,1,0,0,0,1,0,0,0,0,0,93.93,0.033798455689183035
1,303,S303C,EIEE,0,0,0,0,0,0,0,0,0,0,0,0,0,0,0,1,0,0,0,0,0,1,0,0,0,0,0,0,0,0,0,0,0,0,0,0,0,0,0,0,0,0,0,0,0,0,0,0,1,0,0,0,0,0,0,0,1,0,0,0,0,0,0,0,1,0,0,0,0,0,0,0,1,0,0,0,1,16.069999999999993,9.899999999999999,-24.700000000000003,-8.499999999999996,38.4,-33.1,3.3,0.77749,0,0,0,1,0,1,0,0,0,0,0,94.43,0.0011257903630888856
2,341,Q341H,EIEE,0,0,0,0,0,0,0,0,0,0,0,0,0,1,0,0,0,0,0,0,0,0,0,0,0,0,1,0,0,0,0,0,0,0,0,0,0,0,0,0,0,0,0,0,0,0,0,0,0,1,0,0,0,0,1,0,0,0,0,0,0,0,0,0,0,1,0,0,0,0,0,0,1,0,0,0,1,9.009999999999991,-2.0999999999999943,-2.5,24.800000000000004,23.1,-15.5,0.2999999999999998,0.84599,0,0,1,0,0,1,0,0,0,0,0,93.28,0.10641338790774738
3,279,G279C,EIEE,0,0,0,0,0,1,0,0,0,0,0,0,0,0,0,0,0,0,0,0,0,1,0,0,0,0,0,0,0,0,0,0,0,0,0,0,0,0,0,0,0,0,1,0,0,0,0,0,0,0,0,0,0,0,0,0,0,1,0,0,0,0,0,0,1,0,0,0,0,0,0,0,1,0,0,0,1,46.09,28.0,-29.6,-12.2,37.599999999999994,-46.6,2.9,0.79177,0,0,0,1,0,1,0,0,0,0,0,94.4,0.09187372792988448
4,256,G256W,EIEE,0,0,0,0,0,1,0,0,0,0,0,0,0,0,0,0,0,0,0,0,0,0,0,0,0,0,0,0,0,0,0,0,0,0,0,0,0,0,1,0,0,1,0,0,0,0,0,0,0,0,0,0,0,0,0,0,1,0,0,0,0,0,0,0,1,0,0,0,0,0,0,1,0,0,0,1,0,129.16,100.0,-32.1,-0.7999999999999972,97.3,-40.2,-0.5,0.75477,0,0,0,1,0,1,0,0,0,0,0,89.41,0.12310149776697038
5,358,S358F,BFNC,0,0,0,0,0,0,0,0,0,0,0,0,0,0,0,1,0,0,0,0,0,0,0,0,1,0,0,0,0,0,0,0,0,0,0,0,0,0,0,0,0,0,0,0,0,0,0,0,0,0,0,0,0,1,1,0,0,0,0,0,0,0,0,0,1,0,0,0,0,0,0,1,0,0,0,1,0,60.099999999999994,59.1,-30.900000000000002,3.8000000000000043,74.19999999999999,-35.0,3.5999999999999996,0.82396,0,0,1,0,0,1,0,0,0,0,0,77.36,0.05583147657807687
6,185,A185T,BFNC/EIEE,1,0,0,0,0,0,0,0,0,0,0,0,0,0,0,0,0,0,0,0,0,0,0,0,0,0,0,0,0,0,0,0,0,0,0,0,1,0,0,0,0,0,0,0,0,1,0,0,0,0,0,0,0,0,0,0,0,0,0,1,0,0,0,0,1,0,0,0,0,0,1,0,0,0,0,0,1,30.03,18.1,-4.899999999999999,6.5,-21.200000000000003,-2.1000000000000014,-2.5,0.79684,0,0,0,1,0,0,0,0,1,0,0,77.49,0.007510674515684148
7,247,S247L,EIEE,0,0,0,0,0,0,0,0,0,0,0,0,0,0,0,1,0,0,0,0,0,0,0,0,0,0,0,0,0,1,0,0,0,0,0,0,0,0,0,0,0,0,0,0,0,0,0,1,0,0,0,0,0,0,0,0,1,0,0,0,0,0,0,0,1,0,0,0,0,0,0,1,0,0,0,0,1,26.079999999999984,45.5,-32.1,3.8000000000000043,55.7,-30.4,4.6,0.82305,0,0,0,1,0,1,0,0,0,0,0,96.4,0.0
8,265,A265G,BFNC,1,0,0,0,0,0,0,0,0,0,0,0,0,0,0,0,0,0,0,0,0,0,0,0,0,1,0,0,0,0,0,0,0,0,0,0,0,0,0,0,0,0,1,0,0,0,0,0,0,0,0,0,0,0,0,0,1,0,0,0,0,0,0,0,1,0,0,0,0,0,1,0,0,0,0,0,1,-14.02000000000001,-15.9,11.100000000000001,-0.7000000000000028,-20.400000000000002,16.6,-2.2,0.80531,0,1,0,0,0,1,0,0,0,0,0,96.71,0.0015607555116127182
9,154,Y154H,BFNC,0,0,0,0,0,0,0,0,0,0,0,0,0,0,0,0,0,0,0,1,0,0,0,0,0,0,1,0,0,0,0,0,0,0,0,0,0,0,0,0,1,0,0,0,0,0,0,0,0,0,0,0,0,0,0,0,0,0,0,1,0,0,0,0,0,1,0,0,0,0,1,0,0,0,1,0,0,-26.03,-29.299999999999997,33.300000000000004,24.800000000000004,-47.699999999999996,-2.0,-1.9000000000000001,0.88678,0,1,0,0,1,0,0,0,0,0,0,84.87,0.1306351305230195
10,560,R560Q,EIEE,0,0,0,0,0,0,0,0,0,0,0,0,0,0,1,0,0,0,0,0,0,0,0,0,0,0,0,0,0,0,0,0,0,1,0,0,0,0,0,0,1,0,0,0,0,0,0,0,0,0,0,0,0,0,0,0,0,0,1,0,0,0,0,0,0,0,0,1,0,0,0,0,1,0,0,0,1,-28.049999999999983,-19.5,-6.199999999999996,-65.6,-22.6,-6.5,1.0,0.84883,0,1,0,0,0,0,1,0,0,0,0,85.95,0.020966742107780892
11,547,R547W,BFNC,0,0,0,0,0,0,0,0,0,0,0,0,0,0,1,0,0,0,0,0,0,0,0,0,0,0,0,0,0,0,0,0,0,0,0,0,0,0,1,0,0,0,0,0,0,0,0,0,0,0,1,0,0,0,1,0,0,0,0,0,0,0,0,0,0,0,0,1,0,0,0,1,0,0,0,1,0,30.03,29.200000000000003,-47.0,-62.3,77.4,-36.3,3.6,0.84002,0,0,1,0,0,0,1,0,0,0,0,93.64,0.2585591550667534
12,311,I311M,EIEE,0,0,0,0,0,0,0,1,0,0,0,0,0,0,0,0,0,0,0,0,0,0,0,0,0,0,0,0,0,0,1,0,0,0,0,0,0,0,0,0,0,0,0,0,0,0,0,0,1,0,0,0,0,0,0,0,1,0,0,0,0,0,0,0,1,0,0,0,0,1,0,0,0,0,0,0,1,18.04000000000002,-0.8000000000000043,4.9,-3.5,-39.3,-3.6,-2.6,0.81146,0,1,0,0,0,1,0,0,0,0,0,96.13,0.04707197222596771
13,187,S187P,EIEE,0,0,0,0,0,0,0,0,0,0,0,0,0,0,0,1,0,0,0,0,0,0,0,0,0,0,0,0,0,0,0,0,1,0,0,0,0,0,0,0,0,0,0,0,0,1,0,0,0,0,0,0,0,0,0,0,0,0,0,1,0,0,0,0,1,0,0,0,0,0,0,1,0,0,0,0,1,10.039999999999992,22.9,-11.100000000000001,5.400000000000006,71.6,25.700000000000003,-0.8,0.78411,0,0,0,1,0,0,0,0,1,0,0,72.41,0.016015015419479278
14,204,Q204H,BFNC,0,0,0,0,0,0,0,0,0,0,0,0,0,1,0,0,0,0,0,0,0,0,0,0,0,0,1,0,0,0,0,0,0,0,0,0,0,0,0,0,0,0,0,0,0,0,1,0,0,0,0,0,0,0,0,0,0,0,0,1,0,0,0,0,0,1,0,0,0,0,0,0,1,0,0,0,1,9.009999999999991,-2.0999999999999943,-2.5,24.800000000000004,23.1,-15.5,0.2999999999999998,0.8594,0,0,0,1,0,1,0,0,0,0,0,70.96,2.7757249794520065e-05
15,196,A196V,BFNC,1,0,0,0,0,0,0,0,0,0,0,0,0,0,0,0,0,0,0,0,0,0,0,0,0,0,0,0,0,0,0,0,0,0,0,0,0,1,0,0,0,0,0,0,0,0,1,0,0,0,0,0,0,0,0,0,0,0,0,1,0,0,0,0,1,0,0,0,0,1,0,0,0,0,0,0,1,28.060000000000002,31.800000000000004,-17.299999999999997,-0.7000000000000028,26.5,-17.799999999999997,2.4000000000000004,0.8043,0,0,1,0,0,1,0,0,0,0,0,66.57,0.08784271490087697
16,578,M578I,EIEE,0,0,0,0,0,0,0,0,0,0,1,0,0,0,0,0,0,0,0,0,0,0,0,0,0,0,0,1,0,0,0,0,0,0,0,0,0,0,0,0,0,0,0,0,0,0,0,0,0,0,0,1,0,0,0,1,0,0,0,0,0,0,0,0,1,0,0,0,0,1,0,0,0,0,0,0,1,-18.04000000000002,0.8000000000000043,-4.9,3.5,39.3,3.6,2.6,0.86693,0,0,1,0,0,0,1,0,0,0,0,94.26,0.0
17,294,A294G,BFNC,1,0,0,0,0,0,0,0,0,0,0,0,0,0,0,0,0,0,0,0,0,0,0,0,0,1,0,0,0,0,0,0,0,0,0,0,0,0,0,0,0,0,0,0,0,0,0,0,1,0,0,0,0,0,0,0,1,0,0,0,0,0,0,0,1,0,0,0,0,0,1,0,0,0,0,0,1,-14.02000000000001,-15.9,11.100000000000001,-0.7000000000000028,-20.400000000000002,16.6,-2.2,0.76429,0,0,0,1,0,1,0,0,0,0,0,95.64,0.13324308805348303
18,223,S223P,EIEE,0,0,0,0,0,0,0,0,0,0,0,0,0,0,0,1,0,0,0,0,0,0,0,0,0,0,0,0,0,0,0,0,1,0,0,0,0,0,0,0,1,0,0,0,0,0,0,0,0,0,0,0,0,0,0,0,0,0,1,0,0,0,0,0,1,0,0,0,0,0,0,1,0,0,0,0,1,10.039999999999992,22.9,-11.100000000000001,5.400000000000006,71.6,25.700000000000003,-0.8,0.82258,0,0,1,0,0,1,0,0,0,0,0,89.88,0.0551216445285651
19,261,F261S,EIEE,0,0,0,0,1,0,0,0,0,0,0,0,0,0,0,0,0,0,0,0,0,0,0,0,0,0,0,0,0,0,0,0,0,0,0,1,0,0,0,0,0,1,0,0,0,0,0,0,0,0,0,0,0,0,0,0,1,0,0,0,0,0,0,0,1,0,0,0,0,0,1,0,0,0,1,0,0,-60.099999999999994,-59.1,30.900000000000002,-3.8000000000000043,-74.19999999999999,35.0,-3.5999999999999996,0.84291,0,1,0,0,0,1,0,0,0,0,0,93.13,0.0886190161782712
20,103,V103D,EIEE,0,0,0,0,0,0,0,0,0,0,0,0,0,0,0,0,0,1,0,0,0,0,1,0,0,0,0,0,0,0,0,0,0,0,0,0,0,0,0,0,0,0,0,1,0,0,0,0,0,0,0,0,0,0,0,0,0,0,0,1,0,0,0,1,0,0,0,0,0,0,1,0,0,0,0,0,1,15.949999999999989,-16.400000000000002,91.4,-38.5,-32.1,25.4,-7.7,0.80002,0,0,0,1,1,0,0,0,0,0,0,86.82,0.11132610918424025
21,306,A306V,EIEE,1,0,0,0,0,0,0,0,0,0,0,0,0,0,0,0,0,0,0,0,0,0,0,0,0,0,0,0,0,0,0,0,0,0,0,0,0,1,0,0,0,0,0,0,0,0,0,0,1,0,0,0,0,0,0,0,1,0,0,0,0,0,0,0,1,0,0,0,0,1,0,0,0,0,0,0,1,28.060000000000002,31.800000000000004,-17.299999999999997,-0.7000000000000028,26.5,-17.799999999999997,2.4000000000000004,0.75832,0,0,0,1,0,1,0,0,0,0,0,95.25,0.025195811096877713
22,266,D266E,EIEE,0,0,1,0,0,0,0,0,0,0,0,0,0,0,0,0,0,0,0,0,0,0,0,1,0,0,0,0,0,0,0,0,0,0,0,0,0,0,0,0,0,0,1,0,0,0,0,0,0,0,0,0,0,0,0,0,1,0,0,0,1,0,0,0,0,0,0,0,0,0,0,0,1,0,0,0,1,14.030000000000001,15.900000000000002,-6.200000000000003,3.2,0.3000000000000007,3.6000000000000014,0.0,0.84725,0,1,0,0,0,1,0,0,0,0,0,95.82,0.0003073309823758393
23,269,W269S,EIEE,0,0,0,0,0,0,0,0,0,0,0,0,0,0,0,0,0,0,1,0,0,0,0,0,0,0,0,0,0,0,0,0,0,0,0,1,0,0,0,0,0,0,1,0,0,0,0,0,0,0,0,0,0,0,0,0,1,0,0,0,0,0,0,0,1,0,0,0,0,0,1,0,0,0,1,0,0,-99.13999999999999,-81.9,27.200000000000003,-2.9000000000000057,-98.1,26.7,0.09999999999999998,0.88507,0,0,0,1,0,1,0,0,0,0,0,96.89,0.0
24,107,L107F,BFNC/EIEE,0,0,0,0,0,0,0,0,0,1,0,0,0,0,0,0,0,0,0,0,0,0,0,0,1,0,0,0,0,0,0,0,0,0,0,0,0,0,0,0,0,0,0,1,0,0,0,0,0,0,0,0,0,0,0,0,0,0,0,1,0,0,0,0,1,0,0,0,0,1,0,0,0,0,0,1,0,34.02000000000001,13.600000000000001,1.2,0.0,18.499999999999993,-4.6,-1.0,0.7835,0,0,0,1,1,0,0,0,0,0,0,85.66,0.15375948098823128
25,541,R541G,EIEE,0,0,0,0,0,0,0,0,0,0,0,0,0,0,1,0,0,0,0,0,0,0,0,0,0,1,0,0,0,0,0,0,0,0,0,0,0,0,0,0,0,0,0,0,0,0,0,0,0,0,1,0,0,0,1,0,0,0,0,0,0,0,0,0,0,0,0,1,0,0,0,0,1,0,0,0,1,-99.13,-70.8,-14.899999999999999,-61.5,-19.900000000000002,3.8999999999999986,4.1,0.8255,0,1,0,0,0,0,1,0,0,0,0,89.24,0.1292910951272357
26,301,G301D,EIEE,0,0,0,0,0,1,0,0,0,0,0,0,0,0,0,0,0,0,0,0,0,0,1,0,0,0,0,0,0,0,0,0,0,0,0,0,0,0,0,0,0,0,0,0,0,0,0,0,1,0,0,0,0,0,0,0,1,0,0,0,0,0,0,1,0,0,0,0,0,0,0,0,1,0,0,0,1,58.03,31.3,63.0,-38.5,14.8,-9.0,-3.1,0.76378,0,0,0,1,0,1,0,0,0,0,0,94.36,0.005654320217691476
27,268,L268P,EIEE,0,0,0,0,0,0,0,0,0,1,0,0,0,0,0,0,0,0,0,0,0,0,0,0,0,0,0,0,0,0,0,0,1,0,0,0,0,0,0,0,0,0,1,0,0,0,0,0,0,0,0,0,0,0,0,0,1,0,0,0,0,0,0,0,1,0,0,0,0,1,0,0,0,0,0,0,1,-16.039999999999992,-22.6,21.0,1.6000000000000014,15.899999999999999,56.1,-5.4,0.81455,0,0,0,1,0,1,0,0,0,0,0,96.95,0.0
28,265,A265V,EIEE,1,0,0,0,0,0,0,0,0,0,0,0,0,0,0,0,0,0,0,0,0,0,0,0,0,0,0,0,0,0,0,0,0,0,0,0,0,1,0,0,0,0,1,0,0,0,0,0,0,0,0,0,0,0,0,0,1,0,0,0,0,0,0,0,1,0,0,0,0,1,0,0,0,0,0,0,1,28.060000000000002,31.800000000000004,-17.299999999999997,-0.7000000000000028,26.5,-17.799999999999997,2.4000000000000004,0.80531,0,1,0,0,0,1,0,0,0,0,0,96.71,0.0015607555116127182
29,568,I568T,EIEE,0,0,0,0,0,0,0,1,0,0,0,0,0,0,0,0,0,0,0,0,0,0,0,0,0,0,0,0,0,0,0,0,0,0,0,0,1,0,0,0,0,0,0,0,0,0,0,0,0,0,0,1,0,0,0,1,0,0,0,0,0,0,0,0,1,0,0,0,0,0,1,0,0,0,0,0,1,-12.049999999999983,-29.6,21.0,6.5,-81.69999999999999,27.799999999999997,-5.2,0.84894,0,0,1,0,0,0,1,0,0,0,0,93.46,0.08657408247617102
30,504,R504W,BFNC,0,0,0,0,0,0,0,0,0,0,0,0,0,0,1,0,0,0,0,0,0,0,0,0,0,0,0,0,0,0,0,0,0,0,0,0,0,0,1,0,1,0,0,0,0,0,0,0,0,0,0,0,0,0,1,0,0,0,0,0,0,0,0,0,0,0,0,1,0,0,0,1,0,0,0,1,0,30.03,29.200000000000003,-47.0,-62.3,77.4,-36.3,3.6,0.84095,0,1,0,0,0,0,0,0,0,1,0,37.97,0.41232913083546796
31,353,R353C,BFNC/EIEE,0,0,0,0,0,0,0,0,0,0,0,0,0,0,1,0,0,0,0,0,0,1,0,0,0,0,0,0,0,0,0,0,0,0,0,0,0,0,0,0,1,0,0,0,0,0,0,0,0,0,0,0,0,0,1,0,0,0,0,0,0,0,0,0,0,0,0,1,0,0,0,0,1,0,0,0,1,-53.03999999999999,-42.8,-44.5,-73.7,17.699999999999996,-42.7,7.0,0.83002,0,1,0,0,0,1,0,0,0,0,0,75.53,0.11615913499757455
32,285,P285S,EIEE,0,0,0,0,0,0,0,0,0,0,0,0,1,0,0,0,0,0,0,0,0,0,0,0,0,0,0,0,0,0,0,0,0,0,0,1,0,0,0,0,0,0,1,0,0,0,0,0,0,0,0,0,0,0,0,0,1,0,0,0,0,0,0,0,1,0,0,0,0,0,1,0,0,0,0,0,1,-10.039999999999992,-22.9,11.100000000000001,-5.400000000000006,-71.6,-25.700000000000003,0.8,0.8078,0,1,0,0,0,1,0,0,0,0,0,94.87,0.00022773220308465393
33,277,T277S,EIEE,0,0,0,0,0,0,0,0,0,0,0,0,0,0,0,0,1,0,0,0,0,0,0,0,0,0,0,0,0,0,0,0,0,0,0,1,0,0,0,0,0,0,1,0,0,0,0,0,0,0,0,0,0,0,0,0,0,1,0,0,0,0,0,0,1,0,0,0,0,0,0,0,1,0,0,0,1,-14.030000000000001,-15.899999999999999,11.100000000000001,-10.900000000000006,0.0,5.200000000000003,-0.10000000000000009,0.79332,0,0,0,1,0,1,0,0,0,0,0,96.06,0.09187372792988448
34,231,E231D,EIEE,0,0,0,1,0,0,0,0,0,0,0,0,0,0,0,0,0,0,0,0,0,0,1,0,0,0,0,0,0,0,0,0,0,0,0,0,0,0,0,0,1,0,0,0,0,0,0,0,0,0,0,0,0,0,0,0,0,0,1,0,1,0,0,0,0,0,0,0,0,0,0,0,1,0,0,0,1,-14.030000000000001,-15.900000000000002,6.200000000000003,-3.2,-0.3000000000000007,-3.6000000000000014,0.0,0.82851,0,0,1,0,0,1,0,0,0,0,0,95.17,0.0013031967566890252
35,203,L203P,EIEE,0,0,0,0,0,0,0,0,0,1,0,0,0,0,0,0,0,0,0,0,0,0,0,0,0,0,0,0,0,0,0,0,1,0,0,0,0,0,0,0,0,0,0,0,0,0,1,0,0,0,0,0,0,0,0,0,0,0,0,1,0,0,0,0,1,0,0,0,0,1,0,0,0,0,0,0,1,-16.039999999999992,-22.6,21.0,1.6000000000000014,15.899999999999999,56.1,-5.4,0.80278,0,0,0,1,0,1,0,0,0,0,0,68.69,0.00018100000518788553
36,213,R213W,BFNC/EIEE,0,0,0,0,0,0,0,0,0,0,0,0,0,0,1,0,0,0,0,0,0,0,0,0,0,0,0,0,0,0,0,0,0,0,0,0,0,0,1,0,0,0,0,0,0,0,1,0,0,0,0,0,0,0,0,0,0,0,0,1,0,0,0,0,0,0,0,1,0,0,0,1,0,0,0,1,0,30.03,29.200000000000003,-47.0,-62.3,77.4,-36.3,3.6,0.84835,0,0,0,1,0,1,0,0,0,0,0,72.07,0.0
37,214,R214Q,EIEE,0,0,0,0,0,0,0,0,0,0,0,0,0,0,1,0,0,0,0,0,0,0,0,0,0,0,0,0,0,0,0,0,0,1,0,0,0,0,0,0,0,0,0,0,0,0,1,0,0,0,0,0,0,0,0,0,0,0,0,1,0,0,0,0,0,0,0,1,0,0,0,0,1,0,0,0,1,-28.049999999999983,-19.5,-6.199999999999996,-65.6,-22.6,-6.5,1.0,0.84763,0,0,0,1,0,1,0,0,0,0,0,72.21,0.0
38,229,S229I,EIEE,0,0,0,0,0,0,0,0,0,0,0,0,0,0,0,1,0,0,0,0,0,0,0,0,0,0,0,1,0,0,0,0,0,0,0,0,0,0,0,0,1,0,0,0,0,0,0,0,0,0,0,0,0,0,0,0,0,0,1,0,0,0,0,0,1,0,0,0,0,0,0,1,0,0,0,0,1,26.079999999999984,45.5,-32.1,4.400000000000006,81.69999999999999,-33.0,5.3,0.84016,0,0,1,0,0,1,0,0,0,0,0,95.15,0.01229930137130355
39,567,V567D,BFNC,0,0,0,0,0,0,0,0,0,0,0,0,0,0,0,0,0,1,0,0,0,0,1,0,0,0,0,0,0,0,0,0,0,0,0,0,0,0,0,0,0,0,0,0,0,0,0,0,0,0,0,1,0,0,0,1,0,0,0,0,0,0,0,1,0,0,0,0,0,0,1,0,0,0,0,0,1,15.949999999999989,-16.400000000000002,91.4,-38.5,-32.1,25.4,-7.7,0.83374,0,0,1,0,0,0,1,0,0,0,0,92.03,0.12409844441138826
40,305,F305L,EIEE,0,0,0,0,1,0,0,0,0,0,0,0,0,0,0,0,0,0,0,0,0,0,0,0,0,0,0,0,0,1,0,0,0,0,0,0,0,0,0,0,0,0,0,0,0,0,0,0,1,0,0,0,0,0,0,0,1,0,0,0,0,0,0,0,1,0,0,0,0,1,0,0,0,0,1,0,0,-34.02000000000001,-13.600000000000001,-1.2,0.0,-18.499999999999993,4.6,1.0,0.79759,0,0,0,1,0,1,0,0,0,0,0,94.57,0.010503176701282617
41,315,G315E,EIEE,0,0,0,0,0,1,0,0,0,0,0,0,0,0,0,0,0,0,0,0,0,0,0,1,0,0,0,0,0,0,0,0,0,0,0,0,0,0,0,0,1,0,0,0,0,0,0,0,0,0,0,0,0,0,0,0,0,0,1,0,0,0,0,1,0,0,0,0,0,0,0,0,1,0,0,0,1,72.06,47.2,56.8,-35.3,15.100000000000001,-5.399999999999999,-3.1,0.79829,0,0,0,1,0,1,0,0,0,0,0,93.63,0.0008621532450713493
42,501,A501P,EIEE,1,0,0,0,0,0,0,0,0,0,0,0,0,0,0,0,0,0,0,0,0,0,0,0,0,0,0,0,0,0,0,0,1,0,0,0,0,0,0,0,1,0,0,0,0,0,0,0,0,0,0,0,0,0,1,0,0,0,0,0,0,0,0,0,1,0,0,0,0,1,0,0,0,0,0,0,1,26.039999999999992,25.1,-4.899999999999999,1.0,50.4,28.800000000000004,-3.4000000000000004,0.7619,0,1,0,0,0,0,0,0,0,1,0,37.9,0.43793631202098493
43,637,L637R,BFNC,0,0,0,0,0,0,0,0,0,1,0,0,0,0,0,0,0,0,0,0,0,0,0,0,0,0,0,0,0,0,0,0,0,0,1,0,0,0,0,0,0,0,0,0,0,0,0,0,0,0,0,0,1,0,0,1,0,0,0,0,0,0,0,0,0,1,0,0,0,0,1,0,0,0,0,0,1,43.03,7.199999999999996,51.9,61.4,-35.0,40.0,-8.3,0.70963,0,0,1,0,0,0,0,0,0,0,1,84.51,0.14730171705354672
44,258,N258K,BFNC,0,0,0,0,0,0,0,0,0,0,0,1,0,0,0,0,0,0,0,0,0,0,0,0,0,0,0,0,1,0,0,0,0,0,0,0,0,0,0,0,0,1,0,0,0,0,0,0,0,0,0,0,0,0,0,0,1,0,0,0,0,0,0,0,0,1,0,0,0,0,0,0,1,0,0,0,1,14.069999999999993,32.6,1.2000000000000028,55.60000000000001,41.1,8.199999999999996,-0.3999999999999999,0.83332,0,0,0,1,0,1,0,0,0,0,0,88.33,0.17098594668179146
45,228,H228Q,BFNC/EIEE,0,0,0,0,0,0,1,0,0,0,0,0,0,0,0,0,0,0,0,0,0,0,0,0,0,0,0,0,0,0,0,0,0,1,0,0,0,0,0,0,1,0,0,0,0,0,0,0,0,0,0,0,0,0,0,0,0,0,1,0,0,0,0,0,0,0,0,1,0,0,0,0,1,0,0,0,1,-9.009999999999991,2.0999999999999943,2.5,-24.800000000000004,-23.1,15.5,-0.2999999999999998,0.87637,0,0,1,0,0,1,0,0,0,0,0,94.47,0.029504490192675738
46,350,N350H,BFNC,0,0,0,0,0,0,0,0,0,0,0,1,0,0,0,0,0,0,0,0,0,0,0,0,0,0,1,0,0,0,0,0,0,0,0,0,0,0,0,0,0,0,0,0,0,0,0,0,0,1,0,0,0,0,1,0,0,0,0,0,0,0,0,0,0,1,0,0,0,0,0,0,1,0,0,0,1,23.039999999999992,13.800000000000004,-19.799999999999997,27.900000000000002,20.700000000000003,-18.0,0.2999999999999998,0.84759,0,1,0,0,0,1,0,0,0,0,0,84.39,0.14989945244641723
47,581,R581L,EIEE,0,0,0,0,0,0,0,0,0,0,0,0,0,0,1,0,0,0,0,0,0,0,0,0,0,0,0,0,0,1,0,0,0,0,0,0,0,0,0,0,0,0,0,0,0,0,0,0,0,0,0,1,0,0,0,1,0,0,0,0,0,0,0,0,0,0,0,1,0,0,0,1,0,0,0,0,1,-43.03,-7.199999999999996,-51.9,-61.4,35.0,-40.0,8.3,0.8321,0,0,1,0,0,0,1,0,0,0,0,94.47,0.0
48,555,F555L,BFNC,0,0,0,0,1,0,0,0,0,0,0,0,0,0,0,0,0,0,0,0,0,0,0,0,0,0,0,0,0,1,0,0,0,0,0,0,0,0,0,0,0,0,0,0,0,0,0,0,0,0,1,0,0,0,1,0,0,0,0,0,0,0,0,0,1,0,0,0,0,1,0,0,0,0,1,0,0,-34.02000000000001,-13.600000000000001,-1.2,0.0,-18.499999999999993,4.6,1.0,0.85607,0,0,1,0,0,0,1,0,0,0,0,92.96,0.0765876252983376
49,337,A337G,EIEE,1,0,0,0,0,0,0,0,0,0,0,0,0,0,0,0,0,0,0,0,0,0,0,0,0,1,0,0,0,0,0,0,0,0,0,0,0,0,0,0,0,0,0,0,0,0,0,0,0,1,0,0,0,0,1,0,0,0,0,0,0,0,0,0,1,0,0,0,0,0,1,0,0,0,0,0,1,-14.02000000000001,-15.9,11.100000000000001,-0.7000000000000028,-20.400000000000002,16.6,-2.2,0.81124,0,0,1,0,0,1,0,0,0,0,0,94.66,0.016983952336310837
50,353,R353H,EIEE,0,0,0,0,0,0,0,0,0,0,0,0,0,0,1,0,0,0,0,0,0,0,0,0,0,0,1,0,0,0,0,0,0,0,0,0,0,0,0,0,1,0,0,0,0,0,0,0,0,0,0,0,0,0,1,0,0,0,0,0,0,0,0,0,0,0,0,0,1,0,0,0,1,0,0,0,1,-19.039999999999992,-21.599999999999994,-8.699999999999996,-40.8,0.5,-22.0,1.2999999999999998,0.83002,0,1,0,0,0,1,0,0,0,0,0,75.53,0.11615913499757455
51,282,D282H,EIEE,0,0,1,0,0,0,0,0,0,0,0,0,0,0,0,0,0,0,0,0,0,0,0,0,0,0,1,0,0,0,0,0,0,0,0,0,0,0,0,0,0,0,1,0,0,0,0,0,0,0,0,0,0,0,0,0,0,1,0,0,0,0,1,0,0,0,0,0,0,0,0,0,1,0,0,0,1,22.060000000000002,17.900000000000002,-56.8,59.2,5.600000000000001,-16.9,0.2999999999999998,0.79944,0,1,0,0,0,1,0,0,0,0,0,95.42,0.014089292500607413
52,253,A253S,EIEE,1,0,0,0,0,0,0,0,0,0,0,0,0,0,0,0,0,0,0,0,0,0,0,0,0,0,0,0,0,0,0,0,0,0,0,1,0,0,0,0,0,1,0,0,0,0,0,0,0,0,0,0,0,0,0,0,1,0,0,0,0,0,0,0,1,0,0,0,0,0,1,0,0,0,0,0,1,16.0,2.200000000000001,6.200000000000003,-4.400000000000006,-21.200000000000003,3.1000000000000014,-2.6,0.80417,0,0,0,1,0,1,0,0,0,0,0,95.22,0.02671792449784596
53,260,H260Y,EIEE,0,0,0,0,0,0,1,0,0,0,0,0,0,0,0,0,0,0,0,0,0,0,0,0,0,0,0,0,0,0,0,0,0,0,0,0,0,0,0,1,0,1,0,0,0,0,0,0,0,0,0,0,0,0,0,0,1,0,0,0,0,0,0,0,0,0,0,1,0,0,0,1,0,0,0,1,0,26.03,29.299999999999997,-33.300000000000004,-24.800000000000004,47.699999999999996,2.0,1.9000000000000001,0.81164,0,1,0,0,0,1,0,0,0,0,0,91.32,0.13447323569581662
54,285,P285T,BFNC,0,0,0,0,0,0,0,0,0,0,0,0,1,0,0,0,0,0,0,0,0,0,0,0,0,0,0,0,0,0,0,0,0,0,0,0,1,0,0,0,0,0,1,0,0,0,0,0,0,0,0,0,0,0,0,0,1,0,0,0,0,0,0,0,1,0,0,0,0,0,1,0,0,0,0,0,1,3.990000000000009,-7.0,0.0,5.5,-71.6,-30.900000000000006,0.9000000000000001,0.8078,0,1,0,0,0,1,0,0,0,0,0,94.87,0.00022773220308465393
55,588,R588S,BFNC,0,0,0,0,0,0,0,0,0,0,0,0,0,0,1,0,0,0,0,0,0,0,0,0,0,0,0,0,0,0,0,0,0,0,0,1,0,0,0,0,0,0,0,0,0,0,0,0,0,0,0,1,0,0,0,1,0,0,0,0,0,0,0,0,0,0,0,1,0,0,0,0,1,0,0,0,1,-69.10999999999999,-52.699999999999996,-19.799999999999997,-65.2,-20.700000000000003,-9.600000000000001,3.7,0.66296,0,0,1,0,0,0,1,0,0,0,0,87.12,0.007232759312378977
56,206,L206R,EIEE,0,0,0,0,0,0,0,0,0,1,0,0,0,0,0,0,0,0,0,0,0,0,0,0,0,0,0,0,0,0,0,0,0,0,1,0,0,0,0,0,0,0,0,0,0,0,1,0,0,0,0,0,0,0,0,0,0,0,0,1,0,0,0,0,0,1,0,0,0,0,1,0,0,0,0,0,1,43.03,7.199999999999996,51.9,61.4,-35.0,40.0,-8.3,0.81167,0,0,0,1,0,1,0,0,0,0,0,77.24,0.0
57,175,V175L,EIEE,0,0,0,0,0,0,0,0,0,0,0,0,0,0,0,0,0,1,0,0,0,0,0,0,0,0,0,0,0,1,0,0,0,0,0,0,0,0,0,0,0,0,0,0,0,1,0,0,0,0,0,0,0,0,0,0,0,0,0,1,0,0,0,0,1,0,0,0,0,1,0,0,0,0,0,0,1,14.019999999999982,15.899999999999999,-8.6,0.10000000000000142,8.0,-9.500000000000002,-0.40000000000000036,0.80831,0,0,0,1,1,0,0,0,0,0,0,86.0,0.20866366530707123
58,353,R353G,BFNC,0,0,0,0,0,0,0,0,0,0,0,0,0,0,1,0,0,0,0,0,0,0,0,0,0,1,0,0,0,0,0,0,0,0,0,0,0,0,0,0,1,0,0,0,0,0,0,0,0,0,0,0,0,0,1,0,0,0,0,0,0,0,0,0,0,0,0,1,0,0,0,0,1,0,0,0,1,-99.13,-70.8,-14.899999999999999,-61.5,-19.900000000000002,3.8999999999999986,4.1,0.83002,0,1,0,0,0,1,0,0,0,0,0,75.53,0.11615913499757455
59,574,G574D,BFNC,0,0,0,0,0,1,0,0,0,0,0,0,0,0,0,0,0,0,0,0,0,0,1,0,0,0,0,0,0,0,0,0,0,0,0,0,0,0,0,0,0,0,0,0,0,0,0,0,0,0,0,1,0,0,0,1,0,0,0,0,0,0,0,1,0,0,0,0,0,0,0,0,1,0,0,0,1,58.03,31.3,63.0,-38.5,14.8,-9.0,-3.1,0.81734,0,1,0,0,0,0,1,0,0,0,0,93.08,0.00016368383441047756
60,566,D566H,BFNC,0,0,1,0,0,0,0,0,0,0,0,0,0,0,0,0,0,0,0,0,0,0,0,0,0,0,1,0,0,0,0,0,0,0,0,0,0,0,0,0,0,0,0,0,0,0,0,0,0,0,0,1,0,0,0,1,0,0,0,0,0,0,1,0,0,0,0,0,0,0,0,0,1,0,0,0,1,22.060000000000002,17.900000000000002,-56.8,59.2,5.600000000000001,-16.9,0.2999999999999998,0.84738,0,0,1,0,0,0,1,0,0,0,0,89.81,0.1580855758635391
61,212,D212Y,EIEE,0,0,1,0,0,0,0,0,0,0,0,0,0,0,0,0,0,0,0,0,0,0,0,0,0,0,0,0,0,0,0,0,0,0,0,0,0,0,0,1,0,0,0,0,0,0,1,0,0,0,0,0,0,0,0,0,0,0,0,1,0,1,0,0,0,0,0,0,0,0,0,1,0,0,0,1,0,48.09,47.2,-90.1,34.4,53.3,-14.899999999999999,2.2,0.85085,0,0,0,1,0,1,0,0,0,0,0,75.16,0.0
62,269,W269L,EIEE,0,0,0,0,0,0,0,0,0,0,0,0,0,0,0,0,0,0,1,0,0,0,0,0,0,0,0,0,0,1,0,0,0,0,0,0,0,0,0,0,0,0,1,0,0,0,0,0,0,0,0,0,0,0,0,0,1,0,0,0,0,0,0,0,1,0,0,0,0,1,0,0,0,0,1,0,0,-73.06,-36.4,-4.9,0.8999999999999986,-42.4,-3.700000000000001,4.7,0.88507,0,0,0,1,0,1,0,0,0,0,0,96.89,0.0
63,292,L292P,EIEE,0,0,0,0,0,0,0,0,0,1,0,0,0,0,0,0,0,0,0,0,0,0,0,0,0,0,0,0,0,0,0,0,1,0,0,0,0,0,0,0,0,0,0,0,0,0,0,0,1,0,0,0,0,0,0,0,1,0,0,0,0,0,0,0,1,0,0,0,0,1,0,0,0,0,0,0,1,-16.039999999999992,-22.6,21.0,1.6000000000000014,15.899999999999999,56.1,-5.4,0.75034,0,0,0,1,0,1,0,0,0,0,0,96.93,0.03946201530775249
64,159,G159E,BFNC,0,0,0,0,0,1,0,0,0,0,0,0,0,0,0,0,0,0,0,0,0,0,0,1,0,0,0,0,0,0,0,0,0,0,0,0,0,0,0,0,1,0,0,0,0,0,0,0,0,0,0,0,0,0,0,0,0,0,0,1,0,0,0,1,0,0,0,0,0,0,0,0,1,0,0,0,1,72.06,47.2,56.8,-35.3,15.100000000000001,-5.399999999999999,-3.1,0.81661,0,1,0,0,1,0,0,0,0,0,0,87.74,0.13618473208681625
65,243,L243F,BFNC,0,0,0,0,0,0,0,0,0,1,0,0,0,0,0,0,0,0,0,0,0,0,0,0,1,0,0,0,0,0,0,0,0,0,0,0,0,0,0,0,0,0,0,0,0,0,0,1,0,0,0,0,0,0,0,0,1,0,0,0,0,0,0,0,1,0,0,0,0,1,0,0,0,0,0,1,0,34.02000000000001,13.600000000000001,1.2,0.0,18.499999999999993,-4.6,-1.0,0.80036,0,0,0,1,0,1,0,0,0,0,0,96.11,0.0058972867890364124
66,339,L339Q,BFNC/EIEE,0,0,0,0,0,0,0,0,0,1,0,0,0,0,0,0,0,0,0,0,0,0,0,0,0,0,0,0,0,0,0,0,0,1,0,0,0,0,0,0,0,0,0,0,0,0,0,0,0,1,0,0,0,0,1,0,0,0,0,0,0,0,0,0,1,0,0,0,0,0,1,0,0,0,0,0,1,14.980000000000018,-12.300000000000004,45.7,-4.200000000000003,-57.6,33.5,-7.3,0.78368,0,0,1,0,0,1,0,0,0,0,0,95.74,0.040095999065994946
67,301,G301V,EIEE,0,0,0,0,0,1,0,0,0,0,0,0,0,0,0,0,0,0,0,0,0,0,0,0,0,0,0,0,0,0,0,0,0,0,0,0,0,1,0,0,0,0,0,0,0,0,0,0,1,0,0,0,0,0,0,0,1,0,0,0,0,0,0,0,1,0,0,0,0,0,0,1,0,0,0,0,1,42.08000000000001,47.7,-28.4,0.0,46.9,-34.4,4.6000000000000005,0.76378,0,0,0,1,0,1,0,0,0,0,0,94.36,0.005654320217691476
68,356,L356Q,EIEE,0,0,0,0,0,0,0,0,0,1,0,0,0,0,0,0,0,0,0,0,0,0,0,0,0,0,0,0,0,0,0,0,0,1,0,0,0,0,0,0,1,0,0,0,0,0,0,0,0,0,0,0,0,0,1,0,0,0,0,0,0,0,0,0,1,0,0,0,0,0,1,0,0,0,0,0,1,14.980000000000018,-12.300000000000004,45.7,-4.200000000000003,-57.6,33.5,-7.3,0.7934,0,1,0,0,0,1,0,0,0,0,0,77.51,0.06736439770768056
69,282,D282V,EIEE,0,0,1,0,0,0,0,0,0,0,0,0,0,0,0,0,0,0,0,0,0,0,0,0,0,0,0,0,0,0,0,0,0,0,0,0,0,1,0,0,0,0,1,0,0,0,0,0,0,0,0,0,0,0,0,0,0,1,0,0,0,1,0,0,0,0,0,0,0,0,0,1,0,0,0,0,1,-15.949999999999989,16.400000000000002,-91.4,38.5,32.1,-25.4,7.7,0.79944,0,1,0,0,0,1,0,0,0,0,0,95.42,0.014089292500607413
70,256,G256R,EIEE,0,0,0,0,0,1,0,0,0,0,0,0,0,0,0,0,0,0,0,0,0,0,0,0,0,0,0,0,0,0,0,0,0,0,1,0,0,0,0,0,0,1,0,0,0,0,0,0,0,0,0,0,0,0,0,0,1,0,0,0,0,0,0,0,0,1,0,0,0,0,0,0,1,0,0,0,1,99.13,70.8,14.899999999999999,61.5,19.900000000000002,-3.8999999999999986,-4.1,0.75477,0,0,0,1,0,1,0,0,0,0,0,89.41,0.12310149776697038
71,259,D259N,BFNC/EIEE,0,0,1,0,0,0,0,0,0,0,0,0,0,0,0,0,0,0,0,0,0,0,0,0,0,0,0,0,0,0,0,1,0,0,0,0,0,0,0,0,0,1,0,0,0,0,0,0,0,0,0,0,0,0,0,0,1,0,0,0,0,1,0,0,0,0,0,0,0,0,0,0,1,0,0,0,1,-0.9799999999999898,4.099999999999998,-37.0,31.3,-15.1,1.1000000000000014,0.0,0.77117,0,0,0,1,0,1,0,0,0,0,0,90.34,0.1656519028030884
72,245,L245P,EIEE,0,0,0,0,0,0,0,0,0,1,0,0,0,0,0,0,0,0,0,0,0,0,0,0,0,0,0,0,0,0,0,0,1,0,0,0,0,0,0,0,0,0,0,0,0,0,0,1,0,0,0,0,0,0,0,0,1,0,0,0,0,0,0,0,1,0,0,0,0,1,0,0,0,0,0,0,1,-16.039999999999992,-22.6,21.0,1.6000000000000014,15.899999999999999,56.1,-5.4,0.80565,0,0,0,1,0,1,0,0,0,0,0,96.17,0.0002936086205506567
73,81,L81P,BFNC,0,0,0,0,0,0,0,0,0,1,0,0,0,0,0,0,0,0,0,0,0,0,0,0,0,0,0,0,0,0,0,0,1,0,0,0,0,0,0,0,1,0,0,0,0,0,0,0,0,0,0,0,0,0,0,0,0,0,1,0,0,0,0,0,1,0,0,0,0,1,0,0,0,0,0,0,1,-16.039999999999992,-22.6,21.0,1.6000000000000014,15.899999999999999,56.1,-5.4,0.61123,0,0,1,0,1,0,0,0,0,0,0,88.78,0.030657787714031944
74,293,L293P,EIEE,0,0,0,0,0,0,0,0,0,1,0,0,0,0,0,0,0,0,0,0,0,0,0,0,0,0,0,0,0,0,0,0,1,0,0,0,0,0,0,0,0,0,0,0,0,0,0,0,1,0,0,0,0,0,0,0,1,0,0,0,0,0,0,0,1,0,0,0,0,1,0,0,0,0,0,0,1,-16.039999999999992,-22.6,21.0,1.6000000000000014,15.899999999999999,56.1,-5.4,0.74788,0,0,0,1,0,1,0,0,0,0,0,95.78,0.08154068606388937
75,1,M1V,EIEE,0,0,0,0,0,0,0,0,0,0,1,0,0,0,0,0,0,0,0,0,0,0,0,0,0,0,0,0,0,0,0,0,0,0,0,0,0,1,0,0,1,0,0,0,0,0,0,0,0,0,0,0,0,0,0,0,0,0,1,0,0,0,0,0,1,0,0,0,0,1,0,0,0,0,0,0,1,-32.06,-15.099999999999994,3.6999999999999993,2.799999999999997,5.300000000000004,15.700000000000001,2.3000000000000003,0.6197,1,1,0,0,0,0,0,1,0,0,0,35.85,0.16023760313590313
76,276,T276N,EIEE,0,0,0,0,0,0,0,0,0,0,0,0,0,0,0,0,1,0,0,0,0,0,0,0,0,0,0,0,0,0,0,1,0,0,0,0,0,0,0,0,0,0,1,0,0,0,0,0,0,0,0,0,0,0,0,0,1,0,0,0,0,0,0,0,1,0,0,0,0,0,0,0,1,0,0,0,1,13.0,1.3999999999999986,42.0,-14.400000000000002,0.5,10.800000000000004,-2.8,0.77933,0,0,0,1,0,1,0,0,0,0,0,94.5,0.06314382820876831
77,327,K327M,EIEE,0,0,0,0,0,0,0,0,1,0,0,0,0,0,0,0,0,0,0,0,0,0,0,0,0,0,0,0,0,0,1,0,0,0,0,0,0,0,0,0,1,0,0,0,0,0,0,0,0,0,0,0,0,0,0,0,0,0,1,0,0,0,0,0,0,0,0,1,0,0,0,1,0,0,0,0,1,3.0200000000000102,-5.200000000000003,-59.300000000000004,-51.2,0.7999999999999972,-50.4,5.8,0.86197,0,0,1,0,0,1,0,0,0,0,0,78.93,0.0009593589040772591
78,339,L339R,BFNC,0,0,0,0,0,0,0,0,0,1,0,0,0,0,0,0,0,0,0,0,0,0,0,0,0,0,0,0,0,0,0,0,0,0,1,0,0,0,0,0,0,0,0,0,0,0,0,0,0,1,0,0,0,0,1,0,0,0,0,0,0,0,0,0,0,1,0,0,0,0,1,0,0,0,0,0,1,43.03,7.199999999999996,51.9,61.4,-35.0,40.0,-8.3,0.78368,0,0,1,0,0,1,0,0,0,0,0,95.74,0.040095999065994946
79,258,N258I,EIEE,0,0,0,0,0,0,0,0,0,0,0,1,0,0,0,0,0,0,0,0,0,0,0,0,0,0,0,1,0,0,0,0,0,0,0,0,0,0,0,0,0,1,0,0,0,0,0,0,0,0,0,0,0,0,0,0,1,0,0,0,0,0,0,0,1,0,0,0,0,0,0,1,0,0,0,0,1,-0.950000000000017,28.200000000000003,-63.0,7.900000000000002,81.19999999999999,-38.6,8.0,0.83332,0,0,0,1,0,1,0,0,0,0,0,88.33,0.17098594668179146
80,320,V320I,BFNC,0,0,0,0,0,0,0,0,0,0,0,0,0,0,0,0,0,1,0,0,0,0,0,0,0,0,0,1,0,0,0,0,0,0,0,0,0,0,0,0,1,0,0,0,0,0,0,0,0,0,0,0,0,0,0,0,0,0,1,0,0,0,0,0,1,0,0,0,0,1,0,0,0,0,0,0,1,14.019999999999982,15.899999999999999,-8.6,0.7000000000000028,33.99999999999999,-12.100000000000001,0.2999999999999998,0.82515,0,1,0,0,0,1,0,0,0,0,0,87.03,0.0
81,315,G315R,EIEE,0,0,0,0,0,1,0,0,0,0,0,0,0,0,0,0,0,0,0,0,0,0,0,0,0,0,0,0,0,0,0,0,0,0,1,0,0,0,0,0,1,0,0,0,0,0,0,0,0,0,0,0,0,0,0,0,0,0,1,0,0,0,0,0,0,1,0,0,0,0,0,0,1,0,0,0,1,99.13,70.8,14.899999999999999,61.5,19.900000000000002,-3.8999999999999986,-4.1,0.79829,0,0,0,1,0,1,0,0,0,0,0,93.63,0.0008621532450713493
82,130,E130K,EIEE,0,0,0,1,0,0,0,0,0,0,0,0,0,0,0,0,0,0,0,0,0,0,0,0,0,0,0,0,1,0,0,0,0,0,0,0,0,0,0,0,0,0,0,0,1,0,0,0,0,0,0,0,0,0,0,0,0,0,0,1,0,0,1,0,0,0,0,0,0,0,0,0,1,0,0,0,1,-0.9399999999999977,20.799999999999997,-29.599999999999994,83.7,25.7,5.699999999999996,-0.3999999999999999,0.80182,0,0,0,1,1,0,0,0,0,0,0,85.95,0.055399090302543176
83,259,D259Y,BFNC,0,0,1,0,0,0,0,0,0,0,0,0,0,0,0,0,0,0,0,0,0,0,0,0,0,0,0,0,0,0,0,0,0,0,0,0,0,0,0,1,0,1,0,0,0,0,0,0,0,0,0,0,0,0,0,0,1,0,0,0,0,1,0,0,0,0,0,0,0,0,0,1,0,0,0,1,0,48.09,47.2,-90.1,34.4,53.3,-14.899999999999999,2.2,0.77117,0,0,0,1,0,1,0,0,0,0,0,90.34,0.1656519028030884
84,488,D488E,EIEE,0,0,1,0,0,0,0,0,0,0,0,0,0,0,0,0,0,0,0,0,0,0,0,1,0,0,0,0,0,0,0,0,0,0,0,0,0,0,0,0,1,0,0,0,0,0,0,0,0,0,0,0,0,0,1,0,0,0,0,0,1,0,0,0,0,0,0,0,0,0,0,0,1,0,0,0,1,14.030000000000001,15.900000000000002,-6.200000000000003,3.2,0.3000000000000007,3.6000000000000014,0.0,0.77072,0,1,0,0,0,0,0,0,0,1,0,36.65,0.3091445447223482
85,265,A265P,EIEE,1,0,0,0,0,0,0,0,0,0,0,0,0,0,0,0,0,0,0,0,0,0,0,0,0,0,0,0,0,0,0,0,1,0,0,0,0,0,0,0,0,0,1,0,0,0,0,0,0,0,0,0,0,0,0,0,1,0,0,0,0,0,0,0,1,0,0,0,0,1,0,0,0,0,0,0,1,26.039999999999992,25.1,-4.899999999999999,1.0,50.4,28.800000000000004,-3.4000000000000004,0.80531,0,1,0,0,0,1,0,0,0,0,0,96.71,0.0015607555116127182
86,270,W270R,EIEE,0,0,0,0,0,0,0,0,0,0,0,0,0,0,0,0,0,0,1,0,0,0,0,0,0,0,0,0,0,0,0,0,0,0,1,0,0,0,0,0,0,0,1,0,0,0,0,0,0,0,0,0,0,0,0,0,1,0,0,0,0,0,0,0,0,1,0,0,0,0,1,0,0,0,1,0,0,-30.03,-29.200000000000003,47.0,62.3,-77.4,36.3,-3.6,0.87828,0,0,0,1,0,1,0,0,0,0,0,96.46,3.4923864453569624e-05
87,246,A246P,EIEE,1,0,0,0,0,0,0,0,0,0,0,0,0,0,0,0,0,0,0,0,0,0,0,0,0,0,0,0,0,0,0,0,1,0,0,0,0,0,0,0,0,0,0,0,0,0,0,1,0,0,0,0,0,0,0,0,1,0,0,0,0,0,0,0,1,0,0,0,0,1,0,0,0,0,0,0,1,26.039999999999992,25.1,-4.899999999999999,1.0,50.4,28.800000000000004,-3.4000000000000004,0.80424,0,0,0,1,0,1,0,0,0,0,0,95.4,4.502634026993114e-05
88,210,R210H,EIEE,0,0,0,0,0,0,0,0,0,0,0,0,0,0,1,0,0,0,0,0,0,0,0,0,0,0,1,0,0,0,0,0,0,0,0,0,0,0,0,0,0,0,0,0,0,0,1,0,0,0,0,0,0,0,0,0,0,0,0,1,0,0,0,0,0,0,0,0,1,0,0,0,1,0,0,0,1,-19.039999999999992,-21.599999999999994,-8.699999999999996,-40.8,0.5,-22.0,1.2999999999999998,0.86252,0,0,0,1,0,1,0,0,0,0,0,75.6,0.0
89,282,D282N,EIEE,0,0,1,0,0,0,0,0,0,0,0,0,0,0,0,0,0,0,0,0,0,0,0,0,0,0,0,0,0,0,0,1,0,0,0,0,0,0,0,0,0,0,1,0,0,0,0,0,0,0,0,0,0,0,0,0,0,1,0,0,0,1,0,0,0,0,0,0,0,0,0,0,1,0,0,0,1,-0.9799999999999898,4.099999999999998,-37.0,31.3,-15.1,1.1000000000000014,0.0,0.79944,0,1,0,0,0,1,0,0,0,0,0,95.42,0.014089292500607413
90,294,A294V,EIEE,1,0,0,0,0,0,0,0,0,0,0,0,0,0,0,0,0,0,0,0,0,0,0,0,0,0,0,0,0,0,0,0,0,0,0,0,0,1,0,0,0,0,0,0,0,0,0,0,1,0,0,0,0,0,0,0,1,0,0,0,0,0,0,0,1,0,0,0,0,1,0,0,0,0,0,0,1,28.060000000000002,31.800000000000004,-17.299999999999997,-0.7000000000000028,26.5,-17.799999999999997,2.4000000000000004,0.76429,0,0,0,1,0,1,0,0,0,0,0,95.64,0.13324308805348303
91,261,F261I,EIEE,0,0,0,0,1,0,0,0,0,0,0,0,0,0,0,0,0,0,0,0,0,0,0,0,0,0,0,1,0,0,0,0,0,0,0,0,0,0,0,0,0,1,0,0,0,0,0,0,0,0,0,0,0,0,0,0,1,0,0,0,0,0,0,0,1,0,0,0,0,1,0,0,0,0,1,0,0,-34.02000000000001,-13.600000000000001,-1.2,0.6000000000000014,7.5,2.0,1.7000000000000002,0.84291,0,1,0,0,0,1,0,0,0,0,0,93.13,0.0886190161782712
92,279,G279S,EIEE,0,0,0,0,0,1,0,0,0,0,0,0,0,0,0,0,0,0,0,0,0,0,0,0,0,0,0,0,0,0,0,0,0,0,0,1,0,0,0,0,0,0,1,0,0,0,0,0,0,0,0,0,0,0,0,0,0,1,0,0,0,0,0,0,1,0,0,0,0,0,0,0,1,0,0,0,1,30.02000000000001,18.1,-4.899999999999999,-3.700000000000003,-0.8000000000000003,-13.5,-0.4,0.79177,0,0,0,1,0,1,0,0,0,0,0,94.4,0.09187372792988448
93,104,F104S,BFNC,0,0,0,0,1,0,0,0,0,0,0,0,0,0,0,0,0,0,0,0,0,0,0,0,0,0,0,0,0,0,0,0,0,0,0,1,0,0,0,0,0,0,0,1,0,0,0,0,0,0,0,0,0,0,0,0,0,0,0,1,0,0,0,0,1,0,0,0,0,0,1,0,0,0,1,0,0,-60.099999999999994,-59.1,30.900000000000002,-3.8000000000000043,-74.19999999999999,35.0,-3.5999999999999996,0.80824,0,0,0,1,1,0,0,0,0,0,0,87.73,0.13558436444512276
94,132,V132M,BFNC/EIEE,0,0,0,0,0,0,0,0,0,0,0,0,0,0,0,0,0,1,0,0,0,0,0,0,0,0,0,0,0,0,1,0,0,0,0,0,0,0,0,0,0,0,0,0,1,0,0,0,0,0,0,0,0,0,0,0,0,0,0,1,0,0,0,0,1,0,0,0,0,1,0,0,0,0,0,0,1,32.06,15.099999999999994,-3.6999999999999993,-2.799999999999997,-5.300000000000004,-15.700000000000001,-2.3000000000000003,0.77773,0,0,0,1,1,0,0,0,0,0,0,91.05,0.06607167243372894
95,291,R291S,EIEE,0,0,0,0,0,0,0,0,0,0,0,0,0,0,1,0,0,0,0,0,0,0,0,0,0,0,0,0,0,0,0,0,0,0,0,1,0,0,0,0,0,1,0,0,0,0,0,0,0,0,0,0,0,0,0,0,1,0,0,0,0,0,0,0,0,0,0,1,0,0,0,0,1,0,0,0,1,-69.10999999999999,-52.699999999999996,-19.799999999999997,-65.2,-20.700000000000003,-9.600000000000001,3.7,0.79372,0,1,0,0,0,1,0,0,0,0,0,95.74,0.015092009469391921
96,356,L356V,BFNC,0,0,0,0,0,0,0,0,0,1,0,0,0,0,0,0,0,0,0,0,0,0,0,0,0,0,0,0,0,0,0,0,0,0,0,0,0,1,0,0,1,0,0,0,0,0,0,0,0,0,0,0,0,0,1,0,0,0,0,0,0,0,0,0,1,0,0,0,0,1,0,0,0,0,0,0,1,-14.019999999999982,-15.899999999999999,8.6,-0.10000000000000142,-8.0,9.500000000000002,0.40000000000000036,0.7934,0,1,0,0,0,1,0,0,0,0,0,77.51,0.06736439770768056
97,242,C242G,EIEE,0,1,0,0,0,0,0,0,0,0,0,0,0,0,0,0,0,0,0,0,0,0,0,0,0,1,0,0,0,0,0,0,0,0,0,0,0,0,0,0,0,0,0,0,0,0,0,1,0,0,0,0,0,0,0,0,1,0,0,0,0,0,0,0,1,0,0,0,0,0,0,0,1,0,0,0,1,-46.09,-28.0,29.6,12.2,-37.599999999999994,46.6,-2.9,0.86024,0,0,0,1,0,1,0,0,0,0,0,94.86,0.018164922130491673
98,250,V250L,EIEE,0,0,0,0,0,0,0,0,0,0,0,0,0,0,0,0,0,1,0,0,0,0,0,0,0,0,0,0,0,1,0,0,0,0,0,0,0,0,0,0,0,0,0,0,0,0,0,1,0,0,0,0,0,0,0,0,1,0,0,0,0,0,0,0,1,0,0,0,0,1,0,0,0,0,0,0,1,14.019999999999982,15.899999999999999,-8.6,0.10000000000000142,8.0,-9.500000000000002,-0.40000000000000036,0.81736,0,0,0,1,0,1,0,0,0,0,0,96.05,0.0008608309847575044
99,355,D355E,BFNC,0,0,1,0,0,0,0,0,0,0,0,0,0,0,0,0,0,0,0,0,0,0,0,1,0,0,0,0,0,0,0,0,0,0,0,0,0,0,0,0,1,0,0,0,0,0,0,0,0,0,0,0,0,0,1,0,0,0,0,0,1,0,0,0,0,0,0,0,0,0,0,0,1,0,0,0,1,14.030000000000001,15.900000000000002,-6.200000000000003,3.2,0.3000000000000007,3.6000000000000014,0.0,0.81798,0,1,0,0,0,1,0,0,0,0,0,73.94,0.06982782021259432
100,239,G239R,EIEE,0,0,0,0,0,1,0,0,0,0,0,0,0,0,0,0,0,0,0,0,0,0,0,0,0,0,0,0,0,0,0,0,0,0,1,0,0,0,0,0,0,0,0,0,0,0,0,1,0,0,0,0,0,0,0,0,1,0,0,0,0,0,0,0,0,1,0,0,0,0,0,0,1,0,0,0,1,99.13,70.8,14.899999999999999,61.5,19.900000000000002,-3.8999999999999986,-4.1,0.83092,0,0,0,1,0,1,0,0,0,0,0,95.21,0.11845017154781773
101,122,S122L,BFNC/EIEE,0,0,0,0,0,0,0,0,0,0,0,0,0,0,0,1,0,0,0,0,0,0,0,0,0,0,0,0,0,1,0,0,0,0,0,0,0,0,0,0,0,1,0,0,0,0,0,0,0,0,0,0,0,0,0,0,0,0,0,1,0,0,0,0,1,0,0,0,0,0,0,1,0,0,0,0,1,26.079999999999984,45.5,-32.1,3.8000000000000043,55.7,-30.4,4.6,0.74631,0,0,1,0,1,0,0,0,0,0,0,85.54,0.10670234202777384
102,583,K583N,EIEE,0,0,0,0,0,0,0,0,1,0,0,0,0,0,0,0,0,0,0,0,0,0,0,0,0,0,0,0,0,0,0,1,0,0,0,0,0,0,0,0,0,0,0,0,0,0,0,0,0,0,0,1,0,0,0,1,0,0,0,0,0,0,0,0,0,0,0,1,0,0,0,0,1,0,0,0,1,-14.069999999999993,-32.6,-1.2000000000000028,-55.60000000000001,-41.1,-8.199999999999996,0.3999999999999999,0.82548,0,0,1,0,0,0,1,0,0,0,0,93.91,0.0
103,260,H260P,EIEE,0,0,0,0,0,0,1,0,0,0,0,0,0,0,0,0,0,0,0,0,0,0,0,0,0,0,0,0,0,0,0,0,1,0,0,0,0,0,0,0,0,1,0,0,0,0,0,0,0,0,0,0,0,0,0,0,1,0,0,0,0,0,0,0,0,0,0,1,0,0,0,1,0,0,0,0,1,-40.03,-8.200000000000003,-22.200000000000003,-19.0,50.4,38.1,1.6,0.81164,0,1,0,0,0,1,0,0,0,0,0,91.32,0.13447323569581662
104,290,G290V,EIEE,0,0,0,0,0,1,0,0,0,0,0,0,0,0,0,0,0,0,0,0,0,0,0,0,0,0,0,0,0,0,0,0,0,0,0,0,0,1,0,0,0,1,0,0,0,0,0,0,0,0,0,0,0,0,0,0,1,0,0,0,0,0,0,0,1,0,0,0,0,0,0,1,0,0,0,0,1,42.08000000000001,47.7,-28.4,0.0,46.9,-34.4,4.6000000000000005,0.77211,0,1,0,0,0,1,0,0,0,0,0,95.29,0.004556249872670593
105,277,T277I,EIEE,0,0,0,0,0,0,0,0,0,0,0,0,0,0,0,0,1,0,0,0,0,0,0,0,0,0,0,1,0,0,0,0,0,0,0,0,0,0,0,0,0,0,1,0,0,0,0,0,0,0,0,0,0,0,0,0,0,1,0,0,0,0,0,0,1,0,0,0,0,0,0,1,0,0,0,0,1,12.049999999999983,29.6,-21.0,-6.5,81.69999999999999,-27.799999999999997,5.2,0.79332,0,0,0,1,0,1,0,0,0,0,0,96.06,0.09187372792988448
106,343,A343G,BFNC/EIEE,1,0,0,0,0,0,0,0,0,0,0,0,0,0,0,0,0,0,0,0,0,0,0,0,0,1,0,0,0,0,0,0,0,0,0,0,0,0,0,0,0,0,0,0,0,0,0,0,0,1,0,0,0,0,1,0,0,0,0,0,0,0,0,0,1,0,0,0,0,0,1,0,0,0,0,0,1,-14.02000000000001,-15.9,11.100000000000001,-0.7000000000000028,-20.400000000000002,16.6,-2.2,0.81259,0,0,1,0,0,1,0,0,0,0,0,93.71,0.10659741330316659
107,247,S247W,BFNC/EIEE,0,0,0,0,0,0,0,0,0,0,0,0,0,0,0,1,0,0,0,0,0,0,0,0,0,0,0,0,0,0,0,0,0,0,0,0,0,0,1,0,0,0,0,0,0,0,0,1,0,0,0,0,0,0,0,0,1,0,0,0,0,0,0,0,1,0,0,0,0,0,0,1,0,0,0,1,0,99.13999999999999,81.9,-27.200000000000003,2.9000000000000057,98.1,-26.7,-0.09999999999999998,0.82305,0,0,0,1,0,1,0,0,0,0,0,96.4,0.0
108,250,V250G,BFNC,0,0,0,0,0,0,0,0,0,0,0,0,0,0,0,0,0,1,0,0,0,0,0,0,0,1,0,0,0,0,0,0,0,0,0,0,0,0,0,0,0,0,0,0,0,0,0,1,0,0,0,0,0,0,0,0,1,0,0,0,0,0,0,0,1,0,0,0,0,0,1,0,0,0,0,0,1,-42.08000000000001,-47.7,28.4,0.0,-46.9,34.4,-4.6000000000000005,0.81736,0,0,0,1,0,1,0,0,0,0,0,96.05,0.0008608309847575044
109,234,T234I,BFNC/EIEE,0,0,0,0,0,0,0,0,0,0,0,0,0,0,0,0,1,0,0,0,0,0,0,0,0,0,0,1,0,0,0,0,0,0,0,0,0,0,0,0,0,0,0,0,0,0,0,1,0,0,0,0,0,0,0,0,1,0,0,0,0,0,0,0,1,0,0,0,0,0,0,1,0,0,0,0,1,12.049999999999983,29.6,-21.0,-6.5,81.69999999999999,-27.799999999999997,5.2,0.83568,0,1,0,0,0,1,0,0,0,0,0,95.5,0.018164922130491673
110,332,R332K,EIEE,0,0,0,0,0,0,0,0,0,0,0,0,0,0,1,0,0,0,0,0,0,0,0,0,0,0,0,0,1,0,0,0,0,0,0,0,0,0,0,0,0,0,0,0,0,0,0,0,0,1,0,0,0,0,1,0,0,0,0,0,0,0,0,0,0,0,0,0,1,0,0,0,1,0,0,0,1,-28.00999999999999,-2.799999999999997,12.300000000000004,-13.099999999999994,20.9,4.199999999999996,0.6000000000000001,0.85615,0,0,1,0,0,1,0,0,0,0,0,86.23,0.07621131741293076
111,96,H96P,BFNC/EIEE,0,0,0,0,0,0,1,0,0,0,0,0,0,0,0,0,0,0,0,0,0,0,0,0,0,0,0,0,0,0,0,0,1,0,0,0,0,0,0,0,0,0,0,1,0,0,0,0,0,0,0,0,0,0,0,0,0,0,0,1,0,0,0,0,0,0,0,1,0,0,0,1,0,0,0,0,1,-40.03,-8.200000000000003,-22.200000000000003,-19.0,50.4,38.1,1.6,0.77205,0,0,0,1,1,0,0,0,0,0,0,88.17,0.15448187460283636
112,204,Q204R,EIEE,0,0,0,0,0,0,0,0,0,0,0,0,0,1,0,0,0,0,0,0,0,0,0,0,0,0,0,0,0,0,0,0,0,0,1,0,0,0,0,0,0,0,0,0,0,0,1,0,0,0,0,0,0,0,0,0,0,0,0,1,0,0,0,0,0,1,0,0,0,0,0,0,1,0,0,0,1,28.049999999999983,19.5,6.199999999999996,65.6,22.6,6.5,-1.0,0.8594,0,0,0,1,0,1,0,0,0,0,0,70.96,2.7757249794520065e-05
113,234,T234P,EIEE,0,0,0,0,0,0,0,0,0,0,0,0,0,0,0,0,1,0,0,0,0,0,0,0,0,0,0,0,0,0,0,0,1,0,0,0,0,0,0,0,0,0,0,0,0,0,0,1,0,0,0,0,0,0,0,0,1,0,0,0,0,0,0,0,1,0,0,0,0,0,0,1,0,0,0,0,1,-3.990000000000009,7.0,0.0,-5.5,71.6,30.900000000000006,-0.9000000000000001,0.83568,0,1,0,0,0,1,0,0,0,0,0,95.5,0.018164922130491673
114,553,R553L,EIEE,0,0,0,0,0,0,0,0,0,0,0,0,0,0,1,0,0,0,0,0,0,0,0,0,0,0,0,0,0,1,0,0,0,0,0,0,0,0,0,0,0,0,0,0,0,0,0,0,0,0,1,0,0,0,1,0,0,0,0,0,0,0,0,0,0,0,0,1,0,0,0,1,0,0,0,0,1,-43.03,-7.199999999999996,-51.9,-61.4,35.0,-40.0,8.3,0.84257,0,0,1,0,0,0,1,0,0,0,0,92.83,0.14736238078667627
115,291,R291G,EIEE,0,0,0,0,0,0,0,0,0,0,0,0,0,0,1,0,0,0,0,0,0,0,0,0,0,1,0,0,0,0,0,0,0,0,0,0,0,0,0,0,0,1,0,0,0,0,0,0,0,0,0,0,0,0,0,0,1,0,0,0,0,0,0,0,0,0,0,1,0,0,0,0,1,0,0,0,1,-99.13,-70.8,-14.899999999999999,-61.5,-19.900000000000002,3.8999999999999986,4.1,0.79372,0,1,0,0,0,1,0,0,0,0,0,95.74,0.015092009469391921
116,213,R213L,BFNC,0,0,0,0,0,0,0,0,0,0,0,0,0,0,1,0,0,0,0,0,0,0,0,0,0,0,0,0,0,1,0,0,0,0,0,0,0,0,0,0,0,0,0,0,0,0,1,0,0,0,0,0,0,0,0,0,0,0,0,1,0,0,0,0,0,0,0,1,0,0,0,1,0,0,0,0,1,-43.03,-7.199999999999996,-51.9,-61.4,35.0,-40.0,8.3,0.84835,0,0,0,1,0,1,0,0,0,0,0,72.07,0.0
117,243,L243V,EIEE,0,0,0,0,0,0,0,0,0,1,0,0,0,0,0,0,0,0,0,0,0,0,0,0,0,0,0,0,0,0,0,0,0,0,0,0,0,1,0,0,0,0,0,0,0,0,0,1,0,0,0,0,0,0,0,0,1,0,0,0,0,0,0,0,1,0,0,0,0,1,0,0,0,0,0,0,1,-14.019999999999982,-15.899999999999999,8.6,-0.10000000000000142,-8.0,9.500000000000002,0.40000000000000036,0.80036,0,0,0,1,0,1,0,0,0,0,0,96.11,0.0058972867890364124
118,554,K554N,BFNC,0,0,0,0,0,0,0,0,1,0,0,0,0,0,0,0,0,0,0,0,0,0,0,0,0,0,0,0,0,0,0,1,0,0,0,0,0,0,0,0,0,0,0,0,0,0,0,0,0,0,1,0,0,0,1,0,0,0,0,0,0,0,0,0,0,0,0,1,0,0,0,0,1,0,0,0,1,-14.069999999999993,-32.6,-1.2000000000000028,-55.60000000000001,-41.1,-8.199999999999996,0.3999999999999999,0.84028,0,0,1,0,0,0,1,0,0,0,0,91.04,0.1172142870996475
119,332,R332G,EIEE,0,0,0,0,0,0,0,0,0,0,0,0,0,0,1,0,0,0,0,0,0,0,0,0,0,1,0,0,0,0,0,0,0,0,0,0,0,0,0,0,0,0,0,0,0,0,0,0,0,1,0,0,0,0,1,0,0,0,0,0,0,0,0,0,0,0,0,1,0,0,0,0,1,0,0,0,1,-99.13,-70.8,-14.899999999999999,-61.5,-19.900000000000002,3.8999999999999986,4.1,0.85615,0,0,1,0,0,1,0,0,0,0,0,86.23,0.07621131741293076
120,194,T194P,EIEE,0,0,0,0,0,0,0,0,0,0,0,0,0,0,0,0,1,0,0,0,0,0,0,0,0,0,0,0,0,0,0,0,1,0,0,0,0,0,0,0,0,1,0,0,0,0,0,0,0,0,0,0,0,0,0,0,0,0,0,1,0,0,0,0,1,0,0,0,0,0,0,1,0,0,0,0,1,-3.990000000000009,7.0,0.0,-5.5,71.6,30.900000000000006,-0.9000000000000001,0.82264,0,0,1,0,0,0,0,0,1,0,0,64.67,0.0878669200651935
121,359,T359K,BFNC,0,0,0,0,0,0,0,0,0,0,0,0,0,0,0,0,1,0,0,0,0,0,0,0,0,0,0,0,1,0,0,0,0,0,0,0,0,0,0,0,0,0,0,0,0,0,0,0,0,0,0,0,0,1,1,0,0,0,0,0,0,0,0,0,0,1,0,0,0,0,0,0,1,0,0,0,1,27.069999999999993,34.0,43.2,41.2,41.6,19.0,-3.2,0.83093,0,0,1,0,0,1,0,0,0,0,0,79.83,0.03902296141443898
122,198,R198Q,EIEE,0,0,0,0,0,0,0,0,0,0,0,0,0,0,1,0,0,0,0,0,0,0,0,0,0,0,0,0,0,0,0,0,0,1,0,0,0,0,0,0,0,0,0,0,0,0,1,0,0,0,0,0,0,0,0,0,0,0,0,1,0,0,0,0,0,0,0,1,0,0,0,0,1,0,0,0,1,-28.049999999999983,-19.5,-6.199999999999996,-65.6,-22.6,-6.5,1.0,0.82569,0,0,1,0,0,1,0,0,0,0,0,67.33,0.0504401750595288
123,276,T276P,BFNC,0,0,0,0,0,0,0,0,0,0,0,0,0,0,0,0,1,0,0,0,0,0,0,0,0,0,0,0,0,0,0,0,1,0,0,0,0,0,0,0,0,0,1,0,0,0,0,0,0,0,0,0,0,0,0,0,1,0,0,0,0,0,0,0,1,0,0,0,0,0,0,1,0,0,0,0,1,-3.990000000000009,7.0,0.0,-5.5,71.6,30.900000000000006,-0.9000000000000001,0.77933,0,0,0,1,0,1,0,0,0,0,0,94.5,0.06314382820876831
124,276,T276I,EIEE,0,0,0,0,0,0,0,0,0,0,0,0,0,0,0,0,1,0,0,0,0,0,0,0,0,0,0,1,0,0,0,0,0,0,0,0,0,0,0,0,0,0,1,0,0,0,0,0,0,0,0,0,0,0,0,0,1,0,0,0,0,0,0,0,1,0,0,0,0,0,0,1,0,0,0,0,1,12.049999999999983,29.6,-21.0,-6.5,81.69999999999999,-27.799999999999997,5.2,0.77933,0,0,0,1,0,1,0,0,0,0,0,94.5,0.06314382820876831
125,290,G290S,EIEE,0,0,0,0,0,1,0,0,0,0,0,0,0,0,0,0,0,0,0,0,0,0,0,0,0,0,0,0,0,0,0,0,0,0,0,1,0,0,0,0,0,1,0,0,0,0,0,0,0,0,0,0,0,0,0,0,1,0,0,0,0,0,0,0,1,0,0,0,0,0,0,0,1,0,0,0,1,30.02000000000001,18.1,-4.899999999999999,-3.700000000000003,-0.8000000000000003,-13.5,-0.4,0.77211,0,1,0,0,0,1,0,0,0,0,0,95.29,0.004556249872670593
126,308,P308L,EIEE,0,0,0,0,0,0,0,0,0,0,0,0,1,0,0,0,0,0,0,0,0,0,0,0,0,0,0,0,0,1,0,0,0,0,0,0,0,0,0,0,0,0,0,0,0,0,0,0,1,0,0,0,0,0,0,0,1,0,0,0,0,0,0,0,1,0,0,0,0,1,0,0,0,0,0,0,1,16.039999999999992,22.6,-21.0,-1.6000000000000014,-15.899999999999999,-56.1,5.4,0.7944,0,0,0,1,0,1,0,0,0,0,0,94.45,0.06848931545792945
127,280,Y280H,EIEE,0,0,0,0,0,0,0,0,0,0,0,0,0,0,0,0,0,0,0,1,0,0,0,0,0,0,1,0,0,0,0,0,0,0,0,0,0,0,0,0,0,0,1,0,0,0,0,0,0,0,0,0,0,0,0,0,0,1,0,0,0,0,0,0,0,1,0,0,0,0,1,0,0,0,1,0,0,-26.03,-29.299999999999997,33.300000000000004,24.800000000000004,-47.699999999999996,-2.0,-1.9000000000000001,0.81632,0,0,0,1,0,1,0,0,0,0,0,95.61,0.06314382820876831
128,283,K283R,EIEE,0,0,0,0,0,0,0,0,1,0,0,0,0,0,0,0,0,0,0,0,0,0,0,0,0,0,0,0,0,0,0,0,0,0,1,0,0,0,0,0,0,0,1,0,0,0,0,0,0,0,0,0,0,0,0,0,1,0,0,0,0,0,0,0,0,0,0,0,1,0,0,0,1,0,0,0,1,28.00999999999999,2.799999999999997,-12.300000000000004,13.099999999999994,-20.9,-4.199999999999996,-0.6000000000000001,0.78856,0,1,0,0,0,1,0,0,0,0,0,94.05,0.004574123573655689
129,268,L268F,EIEE,0,0,0,0,0,0,0,0,0,1,0,0,0,0,0,0,0,0,0,0,0,0,0,0,1,0,0,0,0,0,0,0,0,0,0,0,0,0,0,0,0,0,1,0,0,0,0,0,0,0,0,0,0,0,0,0,1,0,0,0,0,0,0,0,1,0,0,0,0,1,0,0,0,0,0,1,0,34.02000000000001,13.600000000000001,1.2,0.0,18.499999999999993,-4.6,-1.0,0.81455,0,0,0,1,0,1,0,0,0,0,0,96.95,0.0
130,190,N190S,EIEE,0,0,0,0,0,0,0,0,0,0,0,1,0,0,0,0,0,0,0,0,0,0,0,0,0,0,0,0,0,0,0,0,0,0,0,1,0,0,0,0,0,1,0,0,0,0,0,0,0,0,0,0,0,0,0,0,0,0,0,1,0,0,0,0,1,0,0,0,0,0,0,0,1,0,0,0,1,-27.03,-17.299999999999997,-30.9,3.4999999999999964,-0.5,-5.600000000000001,2.7,0.84766,0,0,1,0,0,0,0,0,1,0,0,66.47,0.10334577962544803
131,228,H228Y,EIEE,0,0,0,0,0,0,1,0,0,0,0,0,0,0,0,0,0,0,0,0,0,0,0,0,0,0,0,0,0,0,0,0,0,0,0,0,0,0,0,1,1,0,0,0,0,0,0,0,0,0,0,0,0,0,0,0,0,0,1,0,0,0,0,0,0,0,0,1,0,0,0,1,0,0,0,1,0,26.03,29.299999999999997,-33.300000000000004,-24.800000000000004,47.699999999999996,2.0,1.9000000000000001,0.87637,0,0,1,0,0,1,0,0,0,0,0,94.47,0.029504490192675738
132,582,I582F,EIEE,0,0,0,0,0,0,0,1,0,0,0,0,0,0,0,0,0,0,0,0,0,0,0,0,1,0,0,0,0,0,0,0,0,0,0,0,0,0,0,0,0,0,0,0,0,0,0,0,0,0,0,1,0,0,0,1,0,0,0,0,0,0,0,0,1,0,0,0,0,1,0,0,0,0,0,1,0,34.02000000000001,13.600000000000001,1.2,-0.6000000000000014,-7.5,-2.0,-1.7000000000000002,0.81029,0,0,1,0,0,0,1,0,0,0,0,94.49,0.0
133,256,G256V,EIEE,0,0,0,0,0,1,0,0,0,0,0,0,0,0,0,0,0,0,0,0,0,0,0,0,0,0,0,0,0,0,0,0,0,0,0,0,0,1,0,0,0,1,0,0,0,0,0,0,0,0,0,0,0,0,0,0,1,0,0,0,0,0,0,0,1,0,0,0,0,0,0,1,0,0,0,0,1,42.08000000000001,47.7,-28.4,0.0,46.9,-34.4,4.6000000000000005,0.75477,0,0,0,1,0,1,0,0,0,0,0,89.41,0.12310149776697038
134,563,D563G,EIEE,0,0,1,0,0,0,0,0,0,0,0,0,0,0,0,0,0,0,0,0,0,0,0,0,0,1,0,0,0,0,0,0,0,0,0,0,0,0,0,0,0,0,0,0,0,0,0,0,0,0,0,1,0,0,0,1,0,0,0,0,0,1,0,0,0,0,0,0,0,0,0,0,1,0,0,0,1,-58.03,-31.3,-63.0,38.5,-14.8,9.0,3.1,0.85911,0,1,0,0,0,0,1,0,0,0,0,87.91,0.1440598898214745
135,205,I205V,EIEE,0,0,0,0,0,0,0,1,0,0,0,0,0,0,0,0,0,0,0,0,0,0,0,0,0,0,0,0,0,0,0,0,0,0,0,0,0,1,0,0,0,0,0,0,0,0,1,0,0,0,0,0,0,0,0,0,0,0,0,1,0,0,0,0,1,0,0,0,0,1,0,0,0,0,0,0,1,-14.019999999999982,-15.899999999999999,8.6,-0.7000000000000028,-33.99999999999999,12.100000000000001,-0.2999999999999998,0.83876,0,0,0,1,0,1,0,0,0,0,0,76.38,0.0
136,565,M565T,EIEE,0,0,0,0,0,0,0,0,0,0,1,0,0,0,0,0,0,0,0,0,0,0,0,0,0,0,0,0,0,0,0,0,0,0,0,0,1,0,0,0,0,0,0,0,0,0,0,0,0,0,0,1,0,0,0,1,0,0,0,0,0,0,0,0,1,0,0,0,0,0,1,0,0,0,0,0,1,-30.090000000000003,-28.799999999999997,16.1,10.0,-42.4,31.4,-2.5999999999999996,0.88011,0,0,1,0,0,0,1,0,0,0,0,89.99,0.17931812028329774
137,563,D563Y,EIEE,0,0,1,0,0,0,0,0,0,0,0,0,0,0,0,0,0,0,0,0,0,0,0,0,0,0,0,0,0,0,0,0,0,0,0,0,0,0,0,1,0,0,0,0,0,0,0,0,0,0,0,1,0,0,0,1,0,0,0,0,0,1,0,0,0,0,0,0,0,0,0,1,0,0,0,1,0,48.09,47.2,-90.1,34.4,53.3,-14.899999999999999,2.2,0.85911,0,1,0,0,0,0,1,0,0,0,0,87.91,0.1440598898214745
138,563,D563N,EIEE,0,0,1,0,0,0,0,0,0,0,0,0,0,0,0,0,0,0,0,0,0,0,0,0,0,0,0,0,0,0,0,1,0,0,0,0,0,0,0,0,0,0,0,0,0,0,0,0,0,0,0,1,0,0,0,1,0,0,0,0,0,1,0,0,0,0,0,0,0,0,0,0,1,0,0,0,1,-0.9799999999999898,4.099999999999998,-37.0,31.3,-15.1,1.1000000000000014,0.0,0.85911,0,1,0,0,0,0,1,0,0,0,0,87.91,0.1440598898214745
139,563,D563E,EIEE,0,0,1,0,0,0,0,0,0,0,0,0,0,0,0,0,0,0,0,0,0,0,0,1,0,0,0,0,0,0,0,0,0,0,0,0,0,0,0,0,0,0,0,0,0,0,0,0,0,0,0,1,0,0,0,1,0,0,0,0,1,0,0,0,0,0,0,0,0,0,0,0,1,0,0,0,1,14.030000000000001,15.900000000000002,-6.200000000000003,3.2,0.3000000000000007,3.6000000000000014,0.0,0.85911,0,1,0,0,0,0,1,0,0,0,0,87.91,0.1440598898214745
140,212,D212A,EIEE,0,0,1,0,0,0,0,0,0,0,0,0,0,0,0,0,0,0,0,0,1,0,0,0,0,0,0,0,0,0,0,0,0,0,0,0,0,0,0,0,0,0,0,0,0,0,1,0,0,0,0,0,0,0,0,0,0,0,0,1,0,1,0,0,0,0,0,0,0,0,0,1,0,0,0,0,1,-44.00999999999999,-15.4,-74.1,39.2,5.600000000000001,-7.600000000000001,5.3,0.85085,0,0,0,1,0,1,0,0,0,0,0,75.16,0.0
141,182,V182M,BFNC/EIEE,0,0,0,0,0,0,0,0,0,0,0,0,0,0,0,0,0,1,0,0,0,0,0,0,0,0,0,0,0,0,1,0,0,0,0,0,0,0,0,0,0,0,0,0,0,1,0,0,0,0,0,0,0,0,0,0,0,0,0,1,0,0,0,0,1,0,0,0,0,1,0,0,0,0,0,0,1,32.06,15.099999999999994,-3.6999999999999993,-2.799999999999997,-5.300000000000004,-15.700000000000001,-2.3000000000000003,0.79708,0,0,0,1,1,0,0,0,0,0,0,78.38,0.09232593736902513
142,218,W218R,EIEE,0,0,0,0,0,0,0,0,0,0,0,0,0,0,0,0,0,0,1,0,0,0,0,0,0,0,0,0,0,0,0,0,0,0,1,0,0,0,0,0,0,0,0,0,0,0,1,0,0,0,0,0,0,0,0,0,0,0,0,1,0,0,0,0,0,1,0,0,0,0,1,0,0,0,1,0,0,-30.03,-29.200000000000003,47.0,62.3,-77.4,36.3,-3.6,0.87503,0,1,0,0,0,1,0,0,0,0,0,87.45,0.00019879969115328607
143,282,D282Y,EIEE,0,0,1,0,0,0,0,0,0,0,0,0,0,0,0,0,0,0,0,0,0,0,0,0,0,0,0,0,0,0,0,0,0,0,0,0,0,0,0,1,0,0,1,0,0,0,0,0,0,0,0,0,0,0,0,0,0,1,0,0,0,1,0,0,0,0,0,0,0,0,0,1,0,0,0,1,0,48.09,47.2,-90.1,34.4,53.3,-14.899999999999999,2.2,0.79944,0,1,0,0,0,1,0,0,0,0,0,95.42,0.014089292500607413
144,344,W344R,BFNC,0,0,0,0,0,0,0,0,0,0,0,0,0,0,0,0,0,0,1,0,0,0,0,0,0,0,0,0,0,0,0,0,0,0,1,0,0,0,0,0,0,0,0,0,0,0,0,0,0,1,0,0,0,0,1,0,0,0,0,0,0,0,0,0,0,1,0,0,0,0,1,0,0,0,1,0,0,-30.03,-29.200000000000003,47.0,62.3,-77.4,36.3,-3.6,0.87974,0,0,1,0,0,1,0,0,0,0,0,92.38,0.07422750641401861
145,306,A306T,BFNC,1,0,0,0,0,0,0,0,0,0,0,0,0,0,0,0,0,0,0,0,0,0,0,0,0,0,0,0,0,0,0,0,0,0,0,0,1,0,0,0,0,0,0,0,0,0,0,0,1,0,0,0,0,0,0,0,1,0,0,0,0,0,0,0,1,0,0,0,0,0,1,0,0,0,0,0,1,30.03,18.1,-4.899999999999999,6.5,-21.200000000000003,-2.1000000000000014,-2.5,0.75832,0,0,0,1,0,1,0,0,0,0,0,95.25,0.025195811096877713
146,210,R210P,EIEE,0,0,0,0,0,0,0,0,0,0,0,0,0,0,1,0,0,0,0,0,0,0,0,0,0,0,0,0,0,0,0,0,1,0,0,0,0,0,0,0,0,0,0,0,0,0,1,0,0,0,0,0,0,0,0,0,0,0,0,1,0,0,0,0,0,0,0,1,0,0,0,1,0,0,0,0,1,-59.06999999999999,-29.799999999999997,-30.9,-59.8,50.9,16.1,2.9,0.86252,0,0,0,1,0,1,0,0,0,0,0,75.6,0.0
147,363,Y363C,EIEE,0,0,0,0,0,0,0,0,0,0,0,0,0,0,0,0,0,0,0,1,0,1,0,0,0,0,0,0,0,0,0,0,0,0,0,0,0,0,0,0,0,0,0,0,0,0,0,0,0,0,0,0,0,1,1,0,0,0,0,0,0,0,0,0,1,0,0,0,0,0,1,0,0,0,1,0,0,-60.03,-50.5,-2.5,-8.099999999999998,-30.5,-22.700000000000003,3.8,0.87464,0,1,0,0,0,1,0,0,0,0,0,82.48,0.11522902951168376
148,261,F261C,EIEE,0,0,0,0,1,0,0,0,0,0,0,0,0,0,0,0,0,0,0,0,0,1,0,0,0,0,0,0,0,0,0,0,0,0,0,0,0,0,0,0,0,1,0,0,0,0,0,0,0,0,0,0,0,0,0,0,1,0,0,0,0,0,0,0,1,0,0,0,0,0,1,0,0,0,1,0,0,-44.03,-49.2,6.2,-12.3,-35.8,1.9000000000000004,-0.2999999999999998,0.84291,0,1,0,0,0,1,0,0,0,0,0,93.13,0.0886190161782712
149,314,S314T,BFNC/EIEE,0,0,0,0,0,0,0,0,0,0,0,0,0,0,0,1,0,0,0,0,0,0,0,0,0,0,0,0,0,0,0,0,0,0,0,0,1,0,0,0,1,0,0,0,0,0,0,0,0,0,0,0,0,0,0,0,0,0,1,0,0,0,0,0,1,0,0,0,0,0,0,0,1,0,0,0,1,14.030000000000001,15.899999999999999,-11.100000000000001,10.900000000000006,0.0,-5.200000000000003,0.10000000000000009,0.82267,0,0,0,1,0,1,0,0,0,0,0,95.03,0.0034098822311721343
150,363,Y363H,EIEE,0,0,0,0,0,0,0,0,0,0,0,0,0,0,0,0,0,0,0,1,0,0,0,0,0,0,1,0,0,0,0,0,0,0,0,0,0,0,0,0,0,0,0,0,0,0,0,0,0,0,0,0,0,1,1,0,0,0,0,0,0,0,0,0,0,1,0,0,0,0,1,0,0,0,1,0,0,-26.03,-29.299999999999997,33.300000000000004,24.800000000000004,-47.699999999999996,-2.0,-1.9000000000000001,0.87464,0,1,0,0,0,1,0,0,0,0,0,82.48,0.11522902951168376
151,553,R553Q,BFNC,0,0,0,0,0,0,0,0,0,0,0,0,0,0,1,0,0,0,0,0,0,0,0,0,0,0,0,0,0,0,0,0,0,1,0,0,0,0,0,0,0,0,0,0,0,0,0,0,0,0,1,0,0,0,1,0,0,0,0,0,0,0,0,0,0,0,0,1,0,0,0,0,1,0,0,0,1,-28.049999999999983,-19.5,-6.199999999999996,-65.6,-22.6,-6.5,1.0,0.84257,0,0,1,0,0,0,1,0,0,0,0,92.83,0.14736238078667627
152,188,Q188P,EIEE,0,0,0,0,0,0,0,0,0,0,0,0,0,1,0,0,0,0,0,0,0,0,0,0,0,0,0,0,0,0,0,0,1,0,0,0,0,0,0,0,0,1,0,0,0,0,0,0,0,0,0,0,0,0,0,0,0,0,0,1,0,0,0,0,1,0,0,0,0,0,0,1,0,0,0,0,1,-31.02000000000001,-10.299999999999997,-24.700000000000003,5.800000000000004,73.5,22.6,1.9,0.848,0,1,0,0,0,0,0,0,1,0,0,68.95,0.03775553212387262
153,215,G215R,EIEE,0,0,0,0,0,1,0,0,0,0,0,0,0,0,0,0,0,0,0,0,0,0,0,0,0,0,0,0,0,0,0,0,0,0,1,0,0,0,0,0,0,0,0,0,0,0,1,0,0,0,0,0,0,0,0,0,0,0,0,1,0,0,0,0,0,1,0,0,0,0,0,0,1,0,0,0,1,99.13,70.8,14.899999999999999,61.5,19.900000000000002,-3.8999999999999986,-4.1,0.82331,0,0,0,1,0,1,0,0,0,0,0,80.22,0.0
154,277,T277P,EIEE,0,0,0,0,0,0,0,0,0,0,0,0,0,0,0,0,1,0,0,0,0,0,0,0,0,0,0,0,0,0,0,0,1,0,0,0,0,0,0,0,0,0,1,0,0,0,0,0,0,0,0,0,0,0,0,0,0,1,0,0,0,0,0,0,1,0,0,0,0,0,0,1,0,0,0,0,1,-3.990000000000009,7.0,0.0,-5.5,71.6,30.900000000000006,-0.9000000000000001,0.79332,0,0,0,1,0,1,0,0,0,0,0,96.06,0.09187372792988448
155,350,N350I,BFNC/EIEE,0,0,0,0,0,0,0,0,0,0,0,1,0,0,0,0,0,0,0,0,0,0,0,0,0,0,0,1,0,0,0,0,0,0,0,0,0,0,0,0,0,0,0,0,0,0,0,0,0,1,0,0,0,0,1,0,0,0,0,0,0,0,0,0,1,0,0,0,0,0,0,1,0,0,0,0,1,-0.950000000000017,28.200000000000003,-63.0,7.900000000000002,81.19999999999999,-38.6,8.0,0.84759,0,1,0,0,0,1,0,0,0,0,0,84.39,0.14989945244641723
156,340,I340N,BFNC,0,0,0,0,0,0,0,1,0,0,0,0,0,0,0,0,0,0,0,0,0,0,0,0,0,0,0,0,0,0,0,1,0,0,0,0,0,0,0,0,0,0,0,0,0,0,0,0,0,1,0,0,0,0,1,0,0,0,0,0,0,0,0,0,1,0,0,0,0,0,1,0,0,0,0,0,1,0.950000000000017,-28.200000000000003,63.0,-7.900000000000002,-81.19999999999999,38.6,-8.0,0.80753,0,0,1,0,0,1,0,0,0,0,0,95.47,0.0733057787389062
157,195,S195F,BFNC/EIEE,0,0,0,0,0,0,0,0,0,0,0,0,0,0,0,1,0,0,0,0,0,0,0,0,1,0,0,0,0,0,0,0,0,0,0,0,0,0,0,0,0,1,0,0,0,0,0,0,0,0,0,0,0,0,0,0,0,0,0,1,0,0,0,0,1,0,0,0,0,0,0,1,0,0,0,1,0,60.099999999999994,59.1,-30.900000000000002,3.8000000000000043,74.19999999999999,-35.0,3.5999999999999996,0.82273,0,0,1,0,0,1,0,0,0,0,0,67.25,0.08872823937737508
158,241,L241P,EIEE,0,0,0,0,0,0,0,0,0,1,0,0,0,0,0,0,0,0,0,0,0,0,0,0,0,0,0,0,0,0,0,0,1,0,0,0,0,0,0,0,0,0,0,0,0,0,0,1,0,0,0,0,0,0,0,0,1,0,0,0,0,0,0,0,1,0,0,0,0,1,0,0,0,0,0,0,1,-16.039999999999992,-22.6,21.0,1.6000000000000014,15.899999999999999,56.1,-5.4,0.80435,0,0,0,1,0,1,0,0,0,0,0,95.82,0.04357538291567266
159,210,R210C,EIEE,0,0,0,0,0,0,0,0,0,0,0,0,0,0,1,0,0,0,0,0,0,1,0,0,0,0,0,0,0,0,0,0,0,0,0,0,0,0,0,0,0,0,0,0,0,0,1,0,0,0,0,0,0,0,0,0,0,0,0,1,0,0,0,0,0,0,0,1,0,0,0,0,1,0,0,0,1,-53.03999999999999,-42.8,-44.5,-73.7,17.699999999999996,-42.7,7.0,0.86252,0,0,0,1,0,1,0,0,0,0,0,75.6,0.0
160,355,D355G,EIEE,0,0,1,0,0,0,0,0,0,0,0,0,0,0,0,0,0,0,0,0,0,0,0,0,0,1,0,0,0,0,0,0,0,0,0,0,0,0,0,0,1,0,0,0,0,0,0,0,0,0,0,0,0,0,1,0,0,0,0,0,0,1,0,0,0,0,0,0,0,0,0,0,1,0,0,0,1,-58.03,-31.3,-63.0,38.5,-14.8,9.0,3.1,0.81798,0,1,0,0,0,1,0,0,0,0,0,73.94,0.06982782021259432
161,313,G313R,EIEE,0,0,0,0,0,1,0,0,0,0,0,0,0,0,0,0,0,0,0,0,0,0,0,0,0,0,0,0,0,0,0,0,0,0,1,0,0,0,0,0,1,0,0,0,0,0,0,0,0,0,0,0,0,0,0,0,0,0,1,0,0,0,0,0,0,1,0,0,0,0,0,0,1,0,0,0,1,99.13,70.8,14.899999999999999,61.5,19.900000000000002,-3.8999999999999986,-4.1,0.80228,0,0,0,1,0,1,0,0,0,0,0,95.88,0.010503176701282617
162,1,M1I,BFNC/EIEE,0,0,0,0,0,0,0,0,0,0,1,0,0,0,0,0,0,0,0,0,0,0,0,0,0,0,0,1,0,0,0,0,0,0,0,0,0,0,0,0,1,0,0,0,0,0,0,0,0,0,0,0,0,0,0,0,0,0,1,0,0,0,0,0,1,0,0,0,0,1,0,0,0,0,0,0,1,-18.04000000000002,0.8000000000000043,-4.9,3.5,39.3,3.6,2.6,0.6197,1,1,0,0,0,0,0,1,0,0,0,35.85,0.16023760313590313
163,201,R201C,EIEE,0,0,0,0,0,0,0,0,0,0,0,0,0,0,1,0,0,0,0,0,0,1,0,0,0,0,0,0,0,0,0,0,0,0,0,0,0,0,0,0,0,0,0,0,0,0,1,0,0,0,0,0,0,0,0,0,0,0,0,1,0,0,0,0,0,0,0,1,0,0,0,0,1,0,0,0,1,-53.03999999999999,-42.8,-44.5,-73.7,17.699999999999996,-42.7,7.0,0.84353,0,1,0,0,0,1,0,0,0,0,0,68.27,0.0036354822872984344
164,333,R333Q,BFNC,0,0,0,0,0,0,0,0,0,0,0,0,0,0,1,0,0,0,0,0,0,0,0,0,0,0,0,0,0,0,0,0,0,1,0,0,0,0,0,0,0,0,0,0,0,0,0,0,0,1,0,0,0,0,1,0,0,0,0,0,0,0,0,0,0,0,0,1,0,0,0,0,1,0,0,0,1,-28.049999999999983,-19.5,-6.199999999999996,-65.6,-22.6,-6.5,1.0,0.85028,0,0,1,0,0,1,0,0,0,0,0,89.91,0.08635873643264735
165,214,R214W,BFNC/EIEE,0,0,0,0,0,0,0,0,0,0,0,0,0,0,1,0,0,0,0,0,0,0,0,0,0,0,0,0,0,0,0,0,0,0,0,0,0,0,1,0,0,0,0,0,0,0,1,0,0,0,0,0,0,0,0,0,0,0,0,1,0,0,0,0,0,0,0,1,0,0,0,1,0,0,0,1,0,30.03,29.200000000000003,-47.0,-62.3,77.4,-36.3,3.6,0.84763,0,0,0,1,0,1,0,0,0,0,0,72.21,0.0
166,263,T263I,EIEE,0,0,0,0,0,0,0,0,0,0,0,0,0,0,0,0,1,0,0,0,0,0,0,0,0,0,0,1,0,0,0,0,0,0,0,0,0,0,0,0,0,1,0,0,0,0,0,0,0,0,0,0,0,0,0,0,1,0,0,0,0,0,0,0,1,0,0,0,0,0,0,1,0,0,0,0,1,12.049999999999983,29.6,-21.0,-6.5,81.69999999999999,-27.799999999999997,5.2,0.83447,0,1,0,0,0,1,0,0,0,0,0,94.16,0.01918340226563288
167,324,H324R,EIEE,0,0,0,0,0,0,1,0,0,0,0,0,0,0,0,0,0,0,0,0,0,0,0,0,0,0,0,0,0,0,0,0,0,0,1,0,0,0,0,0,1,0,0,0,0,0,0,0,0,0,0,0,0,0,0,0,0,0,1,0,0,0,0,0,0,0,0,0,1,0,0,0,1,0,0,0,1,19.039999999999992,21.599999999999994,8.699999999999996,40.8,-0.5,22.0,-1.2999999999999998,0.89251,0,0,1,0,0,1,0,0,0,0,0,81.74,0.0
168,352,S352P,BFNC,0,0,0,0,0,0,0,0,0,0,0,0,0,0,0,1,0,0,0,0,0,0,0,0,0,0,0,0,0,0,0,0,1,0,0,0,0,0,0,0,1,0,0,0,0,0,0,0,0,0,0,0,0,0,1,0,0,0,0,0,0,0,0,0,1,0,0,0,0,0,0,1,0,0,0,0,1,10.039999999999992,22.9,-11.100000000000001,5.400000000000006,71.6,25.700000000000003,-0.8,0.79218,0,1,0,0,0,1,0,0,0,0,0,77.94,0.14809315477365842
169,287,T287N,EIEE,0,0,0,0,0,0,0,0,0,0,0,0,0,0,0,0,1,0,0,0,0,0,0,0,0,0,0,0,0,0,0,1,0,0,0,0,0,0,0,0,0,1,0,0,0,0,0,0,0,0,0,0,0,0,0,0,1,0,0,0,0,0,0,0,1,0,0,0,0,0,0,0,1,0,0,0,1,13.0,1.3999999999999986,42.0,-14.400000000000002,0.5,10.800000000000004,-2.8,0.79635,0,1,0,0,0,1,0,0,0,0,0,95.66,2.555598992087803e-05
170,212,D212G,BFNC,0,0,1,0,0,0,0,0,0,0,0,0,0,0,0,0,0,0,0,0,0,0,0,0,0,1,0,0,0,0,0,0,0,0,0,0,0,0,0,0,0,0,0,0,0,0,1,0,0,0,0,0,0,0,0,0,0,0,0,1,0,1,0,0,0,0,0,0,0,0,0,0,1,0,0,0,1,-58.03,-31.3,-63.0,38.5,-14.8,9.0,3.1,0.85085,0,0,0,1,0,1,0,0,0,0,0,75.16,0.0
171,546,M546V,EIEE,0,0,0,0,0,0,0,0,0,0,1,0,0,0,0,0,0,0,0,0,0,0,0,0,0,0,0,0,0,0,0,0,0,0,0,0,0,1,0,0,0,0,0,0,0,0,0,0,0,0,1,0,0,0,1,0,0,0,0,0,0,0,0,0,1,0,0,0,0,1,0,0,0,0,0,0,1,-32.06,-15.099999999999994,3.6999999999999993,2.799999999999997,5.300000000000004,15.700000000000001,2.3000000000000003,0.86202,0,0,1,0,0,0,1,0,0,0,0,93.88,0.2831517713936643
172,271,G271V,BFNC,0,0,0,0,0,1,0,0,0,0,0,0,0,0,0,0,0,0,0,0,0,0,0,0,0,0,0,0,0,0,0,0,0,0,0,0,0,1,0,0,0,0,1,0,0,0,0,0,0,0,0,0,0,0,0,0,1,0,0,0,0,0,0,0,1,0,0,0,0,0,0,1,0,0,0,0,1,42.08000000000001,47.7,-28.4,0.0,46.9,-34.4,4.6000000000000005,0.81171,0,0,0,1,0,1,0,0,0,0,0,96.21,0.00022773220308465393
173,553,R553W,EIEE,0,0,0,0,0,0,0,0,0,0,0,0,0,0,1,0,0,0,0,0,0,0,0,0,0,0,0,0,0,0,0,0,0,0,0,0,0,0,1,0,0,0,0,0,0,0,0,0,0,0,1,0,0,0,1,0,0,0,0,0,0,0,0,0,0,0,0,1,0,0,0,1,0,0,0,1,0,30.03,29.200000000000003,-47.0,-62.3,77.4,-36.3,3.6,0.84257,0,0,1,0,0,0,1,0,0,0,0,92.83,0.14736238078667627
174,144,R144W,BFNC/EIEE,0,0,0,0,0,0,0,0,0,0,0,0,0,0,1,0,0,0,0,0,0,0,0,0,0,0,0,0,0,0,0,0,0,0,0,0,0,0,1,0,1,0,0,0,0,0,0,0,0,0,0,0,0,0,0,0,0,0,0,1,0,0,0,0,0,0,0,1,0,0,0,1,0,0,0,1,0,30.03,29.200000000000003,-47.0,-62.3,77.4,-36.3,3.6,0.84035,0,0,0,1,1,0,0,0,0,0,0,90.88,0.21194688408994833
175,284,Y284D,EIEE,0,0,0,0,0,0,0,0,0,0,0,0,0,0,0,0,0,0,0,1,0,0,1,0,0,0,0,0,0,0,0,0,0,0,0,0,0,0,0,0,0,0,1,0,0,0,0,0,0,0,0,0,0,0,0,0,1,0,0,0,0,0,0,1,0,0,0,0,0,0,1,0,0,0,1,0,0,-48.09,-47.2,90.1,-34.4,-53.3,14.899999999999999,-2.2,0.77557,0,1,0,0,0,1,0,0,0,0,0,94.58,0.0011565195555240668
176,301,G301S,EIEE,0,0,0,0,0,1,0,0,0,0,0,0,0,0,0,0,0,0,0,0,0,0,0,0,0,0,0,0,0,0,0,0,0,0,0,1,0,0,0,0,0,0,0,0,0,0,0,0,1,0,0,0,0,0,0,0,1,0,0,0,0,0,0,0,1,0,0,0,0,0,0,0,1,0,0,0,1,30.02000000000001,18.1,-4.899999999999999,-3.700000000000003,-0.8000000000000003,-13.5,-0.4,0.76378,0,0,0,1,0,1,0,0,0,0,0,94.36,0.005654320217691476
177,306,A306P,EIEE,1,0,0,0,0,0,0,0,0,0,0,0,0,0,0,0,0,0,0,0,0,0,0,0,0,0,0,0,0,0,0,0,1,0,0,0,0,0,0,0,0,0,0,0,0,0,0,0,1,0,0,0,0,0,0,0,1,0,0,0,0,0,0,0,1,0,0,0,0,1,0,0,0,0,0,0,1,26.039999999999992,25.1,-4.899999999999999,1.0,50.4,28.800000000000004,-3.4000000000000004,0.75832,0,0,0,1,0,1,0,0,0,0,0,95.25,0.025195811096877713
178,592,I592M,BFNC,0,0,0,0,0,0,0,1,0,0,0,0,0,0,0,0,0,0,0,0,0,0,0,0,0,0,0,0,0,0,1,0,0,0,0,0,0,0,0,0,0,0,0,0,0,0,0,0,0,0,0,1,0,0,0,1,0,0,0,0,0,0,0,0,1,0,0,0,0,1,0,0,0,0,0,0,1,18.04000000000002,-0.8000000000000043,4.9,-3.5,-39.3,-3.6,-2.6,0.82961,0,1,0,0,0,0,1,0,0,0,0,79.94,0.15281862535352123
179,235,A235V,EIEE,1,0,0,0,0,0,0,0,0,0,0,0,0,0,0,0,0,0,0,0,0,0,0,0,0,0,0,0,0,0,0,0,0,0,0,0,0,1,0,0,0,0,0,0,0,0,0,1,0,0,0,0,0,0,0,0,1,0,0,0,0,0,0,0,1,0,0,0,0,1,0,0,0,0,0,0,1,28.060000000000002,31.800000000000004,-17.299999999999997,-0.7000000000000028,26.5,-17.799999999999997,2.4000000000000004,0.81594,0,0,0,1,0,1,0,0,0,0,0,94.35,0.04357538291567266
180,1,M1K,BFNC/EIEE,0,0,0,0,0,0,0,0,0,0,1,0,0,0,0,0,0,0,0,0,0,0,0,0,0,0,0,0,1,0,0,0,0,0,0,0,0,0,0,0,1,0,0,0,0,0,0,0,0,0,0,0,0,0,0,0,0,0,1,0,0,0,0,0,0,1,0,0,0,0,1,0,0,0,0,0,1,-3.0200000000000102,5.200000000000003,59.300000000000004,51.2,-0.7999999999999972,50.4,-5.8,0.6197,1,1,0,0,0,0,0,1,0,0,0,35.85,0.16023760313590313
181,231,E231G,BFNC/EIEE,0,0,0,1,0,0,0,0,0,0,0,0,0,0,0,0,0,0,0,0,0,0,0,0,0,1,0,0,0,0,0,0,0,0,0,0,0,0,0,0,1,0,0,0,0,0,0,0,0,0,0,0,0,0,0,0,0,0,1,0,0,1,0,0,0,0,0,0,0,0,0,0,1,0,0,0,1,-72.06,-47.2,-56.8,35.3,-15.100000000000001,5.399999999999999,3.1,0.82851,0,0,1,0,0,1,0,0,0,0,0,95.17,0.0013031967566890252
182,195,S195P,EIEE,0,0,0,0,0,0,0,0,0,0,0,0,0,0,0,1,0,0,0,0,0,0,0,0,0,0,0,0,0,0,0,0,1,0,0,0,0,0,0,0,0,1,0,0,0,0,0,0,0,0,0,0,0,0,0,0,0,0,0,1,0,0,0,0,1,0,0,0,0,0,0,1,0,0,0,0,1,10.039999999999992,22.9,-11.100000000000001,5.400000000000006,71.6,25.700000000000003,-0.8,0.82273,0,0,1,0,0,1,0,0,0,0,0,67.25,0.08872823937737508
183,356,L356R,EIEE,0,0,0,0,0,0,0,0,0,1,0,0,0,0,0,0,0,0,0,0,0,0,0,0,0,0,0,0,0,0,0,0,0,0,1,0,0,0,0,0,1,0,0,0,0,0,0,0,0,0,0,0,0,0,1,0,0,0,0,0,0,0,0,0,0,1,0,0,0,0,1,0,0,0,0,0,1,43.03,7.199999999999996,51.9,61.4,-35.0,40.0,-8.3,0.7934,0,1,0,0,0,1,0,0,0,0,0,77.51,0.06736439770768056
184,265,A265T,EIEE,1,0,0,0,0,0,0,0,0,0,0,0,0,0,0,0,0,0,0,0,0,0,0,0,0,0,0,0,0,0,0,0,0,0,0,0,1,0,0,0,0,0,1,0,0,0,0,0,0,0,0,0,0,0,0,0,1,0,0,0,0,0,0,0,1,0,0,0,0,0,1,0,0,0,0,0,1,30.03,18.1,-4.899999999999999,6.5,-21.200000000000003,-2.1000000000000014,-2.5,0.80531,0,1,0,0,0,1,0,0,0,0,0,96.71,0.0015607555116127182
185,308,P308S,EIEE,0,0,0,0,0,0,0,0,0,0,0,0,1,0,0,0,0,0,0,0,0,0,0,0,0,0,0,0,0,0,0,0,0,0,0,1,0,0,0,0,0,0,0,0,0,0,0,0,1,0,0,0,0,0,0,0,1,0,0,0,0,0,0,0,1,0,0,0,0,0,1,0,0,0,0,0,1,-10.039999999999992,-22.9,11.100000000000001,-5.400000000000006,-71.6,-25.700000000000003,0.8,0.7944,0,0,0,1,0,1,0,0,0,0,0,94.45,0.06848931545792945
186,362,Y362C,BFNC,0,0,0,0,0,0,0,0,0,0,0,0,0,0,0,0,0,0,0,1,0,1,0,0,0,0,0,0,0,0,0,0,0,0,0,0,0,0,0,0,0,0,0,0,0,0,0,0,0,0,0,0,0,1,1,0,0,0,0,0,0,0,0,0,1,0,0,0,0,0,1,0,0,0,1,0,0,-60.03,-50.5,-2.5,-8.099999999999998,-30.5,-22.700000000000003,3.8,0.87464,0,1,0,0,0,1,0,0,0,0,0,80.74,0.05402926065698288
187,359,T359A,EIEE,0,0,0,0,0,0,0,0,0,0,0,0,0,0,0,0,1,0,0,0,1,0,0,0,0,0,0,0,0,0,0,0,0,0,0,0,0,0,0,0,0,0,0,0,0,0,0,0,0,0,0,0,0,1,1,0,0,0,0,0,0,0,0,0,1,0,0,0,0,0,0,1,0,0,0,0,1,-30.03,-18.1,4.899999999999999,-6.5,21.200000000000003,2.1000000000000014,2.5,0.83093,0,0,1,0,0,1,0,0,0,0,0,79.83,0.03902296141443898
188,114,T114I,EIEE,0,0,0,0,0,0,0,0,0,0,0,0,0,0,0,0,1,0,0,0,0,0,0,0,0,0,0,1,0,0,0,0,0,0,0,0,0,0,0,0,0,1,0,0,0,0,0,0,0,0,0,0,0,0,0,0,0,0,0,1,0,0,0,0,1,0,0,0,0,0,0,1,0,0,0,0,1,12.049999999999983,29.6,-21.0,-6.5,81.69999999999999,-27.799999999999997,5.2,0.80304,0,0,0,1,1,0,0,0,0,0,0,83.92,0.25145086068400946
189,552,K552T,EIEE,0,0,0,0,0,0,0,0,1,0,0,0,0,0,0,0,0,0,0,0,0,0,0,0,0,0,0,0,0,0,0,0,0,0,0,0,1,0,0,0,0,0,0,0,0,0,0,0,0,0,1,0,0,0,1,0,0,0,0,0,0,0,0,0,0,0,0,1,0,0,0,0,1,0,0,0,1,-27.069999999999993,-34.0,-43.2,-41.2,-41.6,-19.0,3.2,0.82888,0,0,1,0,0,0,1,0,0,0,0,94.33,0.15987829537443826
190,589,V589G,BFNC,0,0,0,0,0,0,0,0,0,0,0,0,0,0,0,0,0,1,0,0,0,0,0,0,0,1,0,0,0,0,0,0,0,0,0,0,0,0,0,0,0,0,0,0,0,0,0,0,0,0,0,1,0,0,0,1,0,0,0,0,0,0,0,0,1,0,0,0,0,0,1,0,0,0,0,0,1,-42.08000000000001,-47.7,28.4,0.0,-46.9,34.4,-4.6000000000000005,0.70078,0,0,1,0,0,0,1,0,0,0,0,86.97,0.02232332783216201
191,274,T274M,EIEE,0,0,0,0,0,0,0,0,0,0,0,0,0,0,0,0,1,0,0,0,0,0,0,0,0,0,0,0,0,0,1,0,0,0,0,0,0,0,0,0,0,0,1,0,0,0,0,0,0,0,0,0,0,0,0,0,1,0,0,0,0,0,0,0,1,0,0,0,0,0,0,1,0,0,0,0,1,30.090000000000003,28.799999999999997,-16.1,-10.0,42.4,-31.4,2.5999999999999996,0.78146,0,0,0,1,0,1,0,0,0,0,0,95.8,0.014089292500607413
192,304,F304S,EIEE,0,0,0,0,1,0,0,0,0,0,0,0,0,0,0,0,0,0,0,0,0,0,0,0,0,0,0,0,0,0,0,0,0,0,0,1,0,0,0,0,0,0,0,0,0,0,0,0,1,0,0,0,0,0,0,0,1,0,0,0,0,0,0,0,1,0,0,0,0,0,1,0,0,0,1,0,0,-60.099999999999994,-59.1,30.900000000000002,-3.8000000000000043,-74.19999999999999,35.0,-3.5999999999999996,0.79736,0,0,0,1,0,1,0,0,0,0,0,95.05,0.0034463931546778004
193,228,H228R,EIEE,0,0,0,0,0,0,1,0,0,0,0,0,0,0,0,0,0,0,0,0,0,0,0,0,0,0,0,0,0,0,0,0,0,0,1,0,0,0,0,0,1,0,0,0,0,0,0,0,0,0,0,0,0,0,0,0,0,0,1,0,0,0,0,0,0,0,0,0,1,0,0,0,1,0,0,0,1,19.039999999999992,21.599999999999994,8.699999999999996,40.8,-0.5,22.0,-1.2999999999999998,0.87637,0,0,1,0,0,1,0,0,0,0,0,94.47,0.029504490192675738
194,269,W269C,BFNC,0,0,0,0,0,0,0,0,0,0,0,0,0,0,0,0,0,0,1,0,0,1,0,0,0,0,0,0,0,0,0,0,0,0,0,0,0,0,0,0,0,0,1,0,0,0,0,0,0,0,0,0,0,0,0,0,1,0,0,0,0,0,0,0,1,0,0,0,0,0,1,0,0,0,1,0,0,-83.07,-72.0,2.5,-11.400000000000002,-59.7,-6.4,3.4,0.88507,0,0,0,1,0,1,0,0,0,0,0,96.89,0.0
195,154,Y154D,BFNC,0,0,0,0,0,0,0,0,0,0,0,0,0,0,0,0,0,0,0,1,0,0,1,0,0,0,0,0,0,0,0,0,0,0,0,0,0,0,0,0,1,0,0,0,0,0,0,0,0,0,0,0,0,0,0,0,0,0,0,1,0,0,0,1,0,0,0,0,0,0,1,0,0,0,1,0,0,-48.09,-47.2,90.1,-34.4,-53.3,14.899999999999999,-2.2,0.88678,0,1,0,0,1,0,0,0,0,0,0,84.87,0.1306351305230195
196,75,R75C,EIEE,0,0,0,0,0,0,0,0,0,0,0,0,0,0,1,0,0,0,0,0,0,1,0,0,0,0,0,0,0,0,0,0,0,0,0,0,0,0,0,0,1,0,0,0,0,0,0,0,0,0,0,0,0,0,0,0,0,0,1,0,0,0,0,0,0,0,0,1,0,0,0,0,1,0,0,0,1,-53.03999999999999,-42.8,-44.5,-73.7,17.699999999999996,-42.7,7.0,0.70251,0,0,1,0,1,0,0,0,0,0,0,82.33,0.16429956720352695
197,207,R207W,BFNC/EIEE,0,0,0,0,0,0,0,0,0,0,0,0,0,0,1,0,0,0,0,0,0,0,0,0,0,0,0,0,0,0,0,0,0,0,0,0,0,0,1,0,0,0,0,0,0,0,1,0,0,0,0,0,0,0,0,0,0,0,0,1,0,0,0,0,0,0,0,1,0,0,0,1,0,0,0,1,0,30.03,29.200000000000003,-47.0,-62.3,77.4,-36.3,3.6,0.85191,0,0,0,1,0,1,0,0,0,0,0,76.95,0.0
198,264,Y264N,EIEE,0,0,0,0,0,0,0,0,0,0,0,0,0,0,0,0,0,0,0,1,0,0,0,0,0,0,0,0,0,0,0,1,0,0,0,0,0,0,0,0,0,1,0,0,0,0,0,0,0,0,0,0,0,0,0,0,1,0,0,0,0,0,0,0,1,0,0,0,0,0,1,0,0,0,1,0,0,-49.06999999999999,-43.1,53.1,-3.099999999999998,-68.39999999999999,16.0,-2.2,0.85251,0,1,0,0,0,1,0,0,0,0,0,95.58,0.006198902637457994
199,234,T234A,BFNC,0,0,0,0,0,0,0,0,0,0,0,0,0,0,0,0,1,0,0,0,1,0,0,0,0,0,0,0,0,0,0,0,0,0,0,0,0,0,0,0,0,0,0,0,0,0,0,1,0,0,0,0,0,0,0,0,1,0,0,0,0,0,0,0,1,0,0,0,0,0,0,1,0,0,0,0,1,-30.03,-18.1,4.899999999999999,-6.5,21.200000000000003,2.1000000000000014,2.5,0.83568,0,1,0,0,0,1,0,0,0,0,0,95.5,0.018164922130491673
200,281,G281W,EIEE,0,0,0,0,0,1,0,0,0,0,0,0,0,0,0,0,0,0,0,0,0,0,0,0,0,0,0,0,0,0,0,0,0,0,0,0,0,0,1,0,0,0,1,0,0,0,0,0,0,0,0,0,0,0,0,0,0,1,0,0,0,0,0,0,1,0,0,0,0,0,0,1,0,0,0,1,0,129.16,100.0,-32.1,-0.7999999999999972,97.3,-40.2,-0.5,0.76872,0,1,0,0,0,1,0,0,0,0,0,93.93,0.033798455689183035
201,253,A253T,EIEE,1,0,0,0,0,0,0,0,0,0,0,0,0,0,0,0,0,0,0,0,0,0,0,0,0,0,0,0,0,0,0,0,0,0,0,0,1,0,0,0,0,1,0,0,0,0,0,0,0,0,0,0,0,0,0,0,1,0,0,0,0,0,0,0,1,0,0,0,0,0,1,0,0,0,0,0,1,30.03,18.1,-4.899999999999999,6.5,-21.200000000000003,-2.1000000000000014,-2.5,0.80417,0,0,0,1,0,1,0,0,0,0,0,95.22,0.02671792449784596
202,340,I340M,BFNC/EIEE,0,0,0,0,0,0,0,1,0,0,0,0,0,0,0,0,0,0,0,0,0,0,0,0,0,0,0,0,0,0,1,0,0,0,0,0,0,0,0,0,0,0,0,0,0,0,0,0,0,1,0,0,0,0,1,0,0,0,0,0,0,0,0,0,1,0,0,0,0,1,0,0,0,0,0,0,1,18.04000000000002,-0.8000000000000043,4.9,-3.5,-39.3,-3.6,-2.6,0.80753,0,0,1,0,0,1,0,0,0,0,0,95.47,0.0733057787389062
203,290,G290D,EIEE,0,0,0,0,0,1,0,0,0,0,0,0,0,0,0,0,0,0,0,0,0,0,1,0,0,0,0,0,0,0,0,0,0,0,0,0,0,0,0,0,0,1,0,0,0,0,0,0,0,0,0,0,0,0,0,0,1,0,0,0,0,0,0,1,0,0,0,0,0,0,0,0,1,0,0,0,1,58.03,31.3,63.0,-38.5,14.8,-9.0,-3.1,0.77211,0,1,0,0,0,1,0,0,0,0,0,95.29,0.004556249872670593
