,Position,Variant,MyLabel,A_i,C_i,D_i,E_i,F_i,G_i,H_i,I_i,K_i,L_i,M_i,N_i,P_i,Q_i,R_i,S_i,T_i,V_i,W_i,Y_i,A_f,C_f,D_f,E_f,F_f,G_f,H_f,I_f,K_f,L_f,M_f,N_f,P_f,Q_f,R_f,S_f,T_f,V_f,W_f,Y_f,Cytoplasmic,Extracelullar,Pore,S1,S2,S3,S4,S5,S6,hA,hB,hC,hD,hTW,CaM_interaction,SID_domain,pore_domain,selectivity_filter,unknown_function,voltage_domain,neg_to_neg,neg_to_neu,neg_to_pos,neu_to_neg,neu_to_neu,neu_to_pos,pos_to_neg,pos_to_neu,pos_to_pos,np_to_np,np_to_p,p_to_np,p_to_p,a_to_a,a_to_na,na_to_a,na_to_na,d_size,d_vol,d_pol_e,d_ip_e,d_hf_e,d_msa,d_hf,Conservation,start_codon,beta_strand,coil,helix,membrane_helix,FRAG1,FRAG2,FRAG3,GAP1,GAP2,GAP3,GAP4,pLDDT,VFI_2
113,857.0,T857I,benign_variant,0,0,0,0,0,0,0,0,0,0,0,0,0,0,0,0,1,0,0,0,0,0,0,0,0,0,0,1,0,0,0,0,0,0,0,0,0,0,0,0,0,0,0,0,0,0,0,0,0,0,0,0,0,0,0,0,0,0,0,0,0,0,0,0,1,0,0,0,0,0,0,1,0,0,0,0,1,12.049999999999983,29.6,-21.0,-6.5,81.69999999999999,-27.799999999999997,5.2,,0,0,0,0,0,0,0,0,0,0,0,0,,
114,604.0,R604H,benign_variant,0,0,0,0,0,0,0,0,0,0,0,0,0,0,1,0,0,0,0,0,0,0,0,0,0,0,1,0,0,0,0,0,0,0,0,0,0,0,0,0,0,0,0,0,0,0,0,0,0,0,0,0,1,0,0,1,0,0,0,0,0,0,0,0,0,0,0,0,1,0,0,0,1,0,0,0,1,-19.039999999999992,-21.599999999999994,-8.699999999999996,-40.8,0.5,-22.0,1.2999999999999998,0.744084,0,0,0,1,0,0,0,0,0,0,0,1,90.34,0.23835558520939687
115,854.0,R854C,benign_variant,0,0,0,0,0,0,0,0,0,0,0,0,0,0,1,0,0,0,0,0,0,1,0,0,0,0,0,0,0,0,0,0,0,0,0,0,0,0,0,0,0,0,0,0,0,0,0,0,0,0,0,0,0,0,0,0,0,0,0,0,0,0,0,0,0,0,0,1,0,0,0,0,1,0,0,0,1,-53.03999999999999,-42.8,-44.5,-73.7,17.699999999999996,-42.7,7.0,,0,0,0,0,0,0,0,0,0,0,0,0,,
116,848.0,P848L,benign_variant,0,0,0,0,0,0,0,0,0,0,0,0,1,0,0,0,0,0,0,0,0,0,0,0,0,0,0,0,0,1,0,0,0,0,0,0,0,0,0,0,0,0,0,0,0,0,0,0,0,0,0,0,0,0,0,0,0,0,0,0,0,0,0,0,1,0,0,0,0,1,0,0,0,0,0,0,1,16.039999999999992,22.6,-21.0,-1.6000000000000014,-15.899999999999999,-56.1,5.4,,0,0,0,0,0,0,0,0,0,0,0,0,,
117,703.0,A703V,benign_variant,1,0,0,0,0,0,0,0,0,0,0,0,0,0,0,0,0,0,0,0,0,0,0,0,0,0,0,0,0,0,0,0,0,0,0,0,0,1,0,0,0,0,0,0,0,0,0,0,0,0,0,0,0,0,0,0,0,0,0,0,0,0,0,0,1,0,0,0,0,1,0,0,0,0,0,0,1,28.060000000000002,31.800000000000004,-17.299999999999997,-0.7000000000000028,26.5,-17.799999999999997,2.4000000000000004,,0,0,0,0,0,0,0,0,0,0,0,0,,
118,527.0,F527I,benign_variant,0,0,0,0,1,0,0,0,0,0,0,0,0,0,0,0,0,0,0,0,0,0,0,0,0,0,0,1,0,0,0,0,0,0,0,0,0,0,0,0,0,0,0,0,0,0,0,0,0,0,1,0,0,0,1,0,0,0,0,0,0,0,0,0,1,0,0,0,0,1,0,0,0,0,1,0,0,-34.02000000000001,-13.600000000000001,-1.2,0.6000000000000014,7.5,2.0,1.7000000000000002,0.787752,0,0,0,1,0,0,0,1,0,0,0,0,95.91,0.33272832008376685
119,29.0,P29S,benign_variant,0,0,0,0,0,0,0,0,0,0,0,0,1,0,0,0,0,0,0,0,0,0,0,0,0,0,0,0,0,0,0,0,0,0,0,1,0,0,0,0,1,0,0,0,0,0,0,0,0,0,0,0,0,0,0,0,0,0,1,0,0,0,0,0,1,0,0,0,0,0,1,0,0,0,0,0,1,-10.039999999999992,-22.9,11.100000000000001,-5.400000000000006,-71.6,-25.700000000000003,0.8,0.425428,0,0,1,0,0,0,0,0,1,0,0,0,31.67,0.20198222995073517
120,370.0,P370L,benign_variant,0,0,0,0,0,0,0,0,0,0,0,0,1,0,0,0,0,0,0,0,0,0,0,0,0,0,0,0,0,1,0,0,0,0,0,0,0,0,0,0,0,0,0,0,0,0,0,0,0,1,0,0,0,0,1,0,0,0,0,0,0,0,0,0,1,0,0,0,0,1,0,0,0,0,0,0,1,16.039999999999992,22.6,-21.0,-1.6000000000000014,-15.899999999999999,-56.1,5.4,0.814915,0,0,0,1,0,0,1,0,0,0,0,0,96.22,0.3412616215195796
121,675.0,D675E,benign_variant,0,0,1,0,0,0,0,0,0,0,0,0,0,0,0,0,0,0,0,0,0,0,0,1,0,0,0,0,0,0,0,0,0,0,0,0,0,0,0,0,1,0,0,0,0,0,0,0,0,0,0,0,0,0,0,0,0,0,1,0,1,0,0,0,0,0,0,0,0,0,0,0,1,0,0,0,1,14.030000000000001,15.900000000000002,-6.200000000000003,3.2,0.3000000000000007,3.6000000000000014,0.0,0.465299,0,0,1,0,0,0,0,0,0,0,0,1,41.17,0.41567874707698593
122,367.0,V367I,benign_variant,0,0,0,0,0,0,0,0,0,0,0,0,0,0,0,0,0,1,0,0,0,0,0,0,0,0,0,1,0,0,0,0,0,0,0,0,0,0,0,0,0,0,0,0,0,0,0,0,0,1,0,0,0,0,1,0,0,0,0,0,0,0,0,0,1,0,0,0,0,1,0,0,0,0,0,0,1,14.019999999999982,15.899999999999999,-8.6,0.7000000000000028,33.99999999999999,-12.100000000000001,0.2999999999999998,0.871615,0,0,0,1,0,0,1,0,0,0,0,0,93.27,0.29550284925842174
123,611.0,A611T,benign_variant,1,0,0,0,0,0,0,0,0,0,0,0,0,0,0,0,0,0,0,0,0,0,0,0,0,0,0,0,0,0,0,0,0,0,0,0,1,0,0,0,0,0,0,0,0,0,0,0,0,0,0,0,1,0,0,1,0,0,0,0,0,0,0,0,1,0,0,0,0,0,1,0,0,0,0,0,1,30.03,18.1,-4.899999999999999,6.5,-21.200000000000003,-2.1000000000000014,-2.5,0.722938,0,0,0,1,0,0,0,0,0,0,0,1,87.13,0.33621549659086397
124,489.0,R489G,benign_variant,0,0,0,0,0,0,0,0,0,0,0,0,0,0,1,0,0,0,0,0,0,0,0,0,0,1,0,0,0,0,0,0,0,0,0,0,0,0,0,0,1,0,0,0,0,0,0,0,0,0,0,0,0,0,1,0,0,0,0,0,0,0,0,0,0,0,0,1,0,0,0,0,1,0,0,0,1,-99.13,-70.8,-14.899999999999999,-61.5,-19.900000000000002,3.8999999999999986,4.1,0.743537,0,0,1,0,0,0,0,0,0,0,1,0,41.82,0.40181646314276354
125,64.0,A64S,benign_variant,1,0,0,0,0,0,0,0,0,0,0,0,0,0,0,0,0,0,0,0,0,0,0,0,0,0,0,0,0,0,0,0,0,0,0,1,0,0,0,0,1,0,0,0,0,0,0,0,0,0,0,0,0,0,0,0,0,0,1,0,0,0,0,0,1,0,0,0,0,0,1,0,0,0,0,0,1,16.0,2.200000000000001,6.200000000000003,-4.400000000000006,-21.200000000000003,3.1000000000000014,-2.6,0.381798,0,0,1,0,0,0,0,0,1,0,0,0,44.27,0.694140809265658
126,652.0,P652R,benign_variant,0,0,0,0,0,0,0,0,0,0,0,0,1,0,0,0,0,0,0,0,0,0,0,0,0,0,0,0,0,0,0,0,0,0,1,0,0,0,0,0,1,0,0,0,0,0,0,0,0,0,0,0,0,0,0,0,0,0,1,0,0,0,0,0,0,1,0,0,0,0,1,0,0,0,0,0,1,59.06999999999999,29.799999999999997,30.9,59.8,-50.9,-16.1,-2.9,0.55699,0,0,1,0,0,0,0,0,0,0,0,1,32.23,0.324220328179164
127,470.0,D470N,benign_variant,0,0,1,0,0,0,0,0,0,0,0,0,0,0,0,0,0,0,0,0,0,0,0,0,0,0,0,0,0,0,0,1,0,0,0,0,0,0,0,0,1,0,0,0,0,0,0,0,0,0,0,0,0,0,1,0,0,0,0,0,0,1,0,0,0,0,0,0,0,0,0,0,1,0,0,0,1,-0.9799999999999898,4.099999999999998,-37.0,31.3,-15.1,1.1000000000000014,0.0,0.609725,0,0,1,0,0,0,0,0,0,0,1,0,30.84,0.49866533960957005
128,754.0,A754T,benign_variant,1,0,0,0,0,0,0,0,0,0,0,0,0,0,0,0,0,0,0,0,0,0,0,0,0,0,0,0,0,0,0,0,0,0,0,0,1,0,0,0,0,0,0,0,0,0,0,0,0,0,0,0,0,0,0,0,0,0,0,0,0,0,0,0,1,0,0,0,0,0,1,0,0,0,0,0,1,30.03,18.1,-4.899999999999999,6.5,-21.200000000000003,-2.1000000000000014,-2.5,,0,0,0,0,0,0,0,0,0,0,0,0,,
129,690.0,V690M,benign_variant,0,0,0,0,0,0,0,0,0,0,0,0,0,0,0,0,0,1,0,0,0,0,0,0,0,0,0,0,0,0,1,0,0,0,0,0,0,0,0,0,0,0,0,0,0,0,0,0,0,0,0,0,0,0,0,0,0,0,0,0,0,0,0,0,1,0,0,0,0,1,0,0,0,0,0,0,1,32.06,15.099999999999994,-3.6999999999999993,-2.799999999999997,-5.300000000000004,-15.700000000000001,-2.3000000000000003,,0,0,0,0,0,0,0,0,0,0,0,0,,
130,782.0,R782Q,benign_variant,0,0,0,0,0,0,0,0,0,0,0,0,0,0,1,0,0,0,0,0,0,0,0,0,0,0,0,0,0,0,0,0,0,1,0,0,0,0,0,0,0,0,0,0,0,0,0,0,0,0,0,0,0,0,0,0,0,0,0,0,0,0,0,0,0,0,0,1,0,0,0,0,1,0,0,0,1,-28.049999999999983,-19.5,-6.199999999999996,-65.6,-22.6,-6.5,1.0,,0,0,0,0,0,0,0,0,0,0,0,0,,
131,617.0,P617S,benign_variant,0,0,0,0,0,0,0,0,0,0,0,0,1,0,0,0,0,0,0,0,0,0,0,0,0,0,0,0,0,0,0,0,0,0,0,1,0,0,0,0,1,0,0,0,0,0,0,0,0,0,0,0,0,0,0,0,0,0,1,0,0,0,0,0,1,0,0,0,0,0,1,0,0,0,0,0,1,-10.039999999999992,-22.9,11.100000000000001,-5.400000000000006,-71.6,-25.700000000000003,0.8,0.600401,0,0,0,1,0,0,0,0,0,0,0,1,79.28,0.3951933854786291
132,793.0,V793L,benign_variant,0,0,0,0,0,0,0,0,0,0,0,0,0,0,0,0,0,1,0,0,0,0,0,0,0,0,0,0,0,1,0,0,0,0,0,0,0,0,0,0,0,0,0,0,0,0,0,0,0,0,0,0,0,0,0,0,0,0,0,0,0,0,0,0,1,0,0,0,0,1,0,0,0,0,0,0,1,14.019999999999982,15.899999999999999,-8.6,0.10000000000000142,8.0,-9.500000000000002,-0.40000000000000036,,0,0,0,0,0,0,0,0,0,0,0,0,,
133,651.0,P651R,benign_variant,0,0,0,0,0,0,0,0,0,0,0,0,1,0,0,0,0,0,0,0,0,0,0,0,0,0,0,0,0,0,0,0,0,0,1,0,0,0,0,0,1,0,0,0,0,0,0,0,0,0,0,0,0,0,0,0,0,0,1,0,0,0,0,0,0,1,0,0,0,0,1,0,0,0,0,0,1,59.06999999999999,29.799999999999997,30.9,59.8,-50.9,-16.1,-2.9,0.527439,0,0,1,0,0,0,0,0,0,0,0,1,28.96,0.330858410734727
134,707.0,A707T,benign_variant,1,0,0,0,0,0,0,0,0,0,0,0,0,0,0,0,0,0,0,0,0,0,0,0,0,0,0,0,0,0,0,0,0,0,0,0,1,0,0,0,0,0,0,0,0,0,0,0,0,0,0,0,0,0,0,0,0,0,0,0,0,0,0,0,1,0,0,0,0,0,1,0,0,0,0,0,1,30.03,18.1,-4.899999999999999,6.5,-21.200000000000003,-2.1000000000000014,-2.5,,0,0,0,0,0,0,0,0,0,0,0,0,,
135,502.0,A502V,benign_variant,1,0,0,0,0,0,0,0,0,0,0,0,0,0,0,0,0,0,0,0,0,0,0,0,0,0,0,0,0,0,0,0,0,0,0,0,0,1,0,0,0,0,0,0,0,0,0,0,0,0,1,0,0,0,1,0,0,0,0,0,0,0,0,0,1,0,0,0,0,1,0,0,0,0,0,0,1,28.060000000000002,31.800000000000004,-17.299999999999997,-0.7000000000000028,26.5,-17.799999999999997,2.4000000000000004,0.795678,0,0,1,0,0,0,0,0,0,0,1,0,62.73,0.41466365143016004
136,139.0,V139M,benign_variant,0,0,0,0,0,0,0,0,0,0,0,0,0,0,0,0,0,1,0,0,0,0,0,0,0,0,0,0,0,0,1,0,0,0,0,0,0,0,0,0,0,0,0,1,0,0,0,0,0,0,0,0,0,0,0,0,0,0,0,1,0,0,0,0,1,0,0,0,0,1,0,0,0,0,0,0,1,32.06,15.099999999999994,-3.6999999999999993,-2.799999999999997,-5.300000000000004,-15.700000000000001,-2.3000000000000003,0.782538,0,0,0,0,1,1,0,0,0,0,0,0,86.31,0.1356061562630935
137,515.0,E515D,benign_variant,0,0,0,1,0,0,0,0,0,0,0,0,0,0,0,0,0,0,0,0,0,0,1,0,0,0,0,0,0,0,0,0,0,0,0,0,0,0,0,0,0,0,0,0,0,0,0,0,0,0,1,0,0,0,1,0,0,0,0,0,1,0,0,0,0,0,0,0,0,0,0,0,1,0,0,0,1,-14.030000000000001,-15.900000000000002,6.200000000000003,-3.2,-0.3000000000000007,-3.6000000000000014,0.0,0.752512,0,0,1,0,0,0,0,1,0,0,0,0,94.15,0.2373400706495578
138,593.0,V593M,benign_variant,0,0,0,0,0,0,0,0,0,0,0,0,0,0,0,0,0,1,0,0,0,0,0,0,0,0,0,0,0,0,1,0,0,0,0,0,0,0,0,0,0,0,0,0,0,0,0,0,0,0,0,0,1,0,0,1,0,0,0,0,0,0,0,0,1,0,0,0,0,1,0,0,0,0,0,0,1,32.06,15.099999999999994,-3.6999999999999993,-2.799999999999997,-5.300000000000004,-15.700000000000001,-2.3000000000000003,0.801798,0,0,0,1,0,0,0,0,0,0,0,1,78.49,0.6239882210647572
139,689.0,I689L,benign_variant,0,0,0,0,0,0,0,1,0,0,0,0,0,0,0,0,0,0,0,0,0,0,0,0,0,0,0,0,0,1,0,0,0,0,0,0,0,0,0,0,0,0,0,0,0,0,0,0,0,0,0,0,0,0,0,0,0,0,0,0,0,0,0,0,1,0,0,0,0,1,0,0,0,0,0,0,1,0.0,0.0,0.0,-0.6000000000000014,-25.999999999999993,2.5999999999999996,-0.7000000000000002,,0,0,0,0,0,0,0,0,0,0,0,0,,
140,657.0,A657T,benign_variant,1,0,0,0,0,0,0,0,0,0,0,0,0,0,0,0,0,0,0,0,0,0,0,0,0,0,0,0,0,0,0,0,0,0,0,0,1,0,0,0,1,0,0,0,0,0,0,0,0,0,0,0,0,0,0,0,0,0,1,0,0,0,0,0,1,0,0,0,0,0,1,0,0,0,0,0,1,30.03,18.1,-4.899999999999999,6.5,-21.200000000000003,-2.1000000000000014,-2.5,0.672508,0,0,1,0,0,0,0,0,0,0,0,1,33.96,0.5586222377631631
141,404.0,A404T,benign_variant,1,0,0,0,0,0,0,0,0,0,0,0,0,0,0,0,0,0,0,0,0,0,0,0,0,0,0,0,0,0,0,0,0,0,0,0,1,0,0,0,1,0,0,0,0,0,0,0,0,0,0,0,0,0,1,0,0,0,0,0,0,0,0,0,1,0,0,0,0,0,1,0,0,0,0,0,1,30.03,18.1,-4.899999999999999,6.5,-21.200000000000003,-2.1000000000000014,-2.5,0.577941,0,0,1,0,0,0,0,0,0,0,1,0,41.08,0.27994055030001375
142,30.0,G30S,benign_variant,0,0,0,0,0,1,0,0,0,0,0,0,0,0,0,0,0,0,0,0,0,0,0,0,0,0,0,0,0,0,0,0,0,0,0,1,0,0,0,0,1,0,0,0,0,0,0,0,0,0,0,0,0,0,0,0,0,0,1,0,0,0,0,0,1,0,0,0,0,0,0,0,1,0,0,0,1,30.02000000000001,18.1,-4.899999999999999,-3.700000000000003,-0.8000000000000003,-13.5,-0.4,0.462243,0,0,1,0,0,0,0,0,1,0,0,0,27.96,0.17751995492527894
143,795.0,H795N,benign_variant,0,0,0,0,0,0,1,0,0,0,0,0,0,0,0,0,0,0,0,0,0,0,0,0,0,0,0,0,0,0,0,1,0,0,0,0,0,0,0,0,0,0,0,0,0,0,0,0,0,0,0,0,0,0,0,0,0,0,0,0,0,0,0,0,0,0,0,1,0,0,0,0,1,0,0,0,1,-23.039999999999992,-13.800000000000004,19.799999999999997,-27.900000000000002,-20.700000000000003,18.0,-0.2999999999999998,,0,0,0,0,0,0,0,0,0,0,0,0,,
144,858.0,G858S,benign_variant,0,0,0,0,0,1,0,0,0,0,0,0,0,0,0,0,0,0,0,0,0,0,0,0,0,0,0,0,0,0,0,0,0,0,0,1,0,0,0,0,0,0,0,0,0,0,0,0,0,0,0,0,0,0,0,0,0,0,0,0,0,0,0,0,1,0,0,0,0,0,0,0,1,0,0,0,1,30.02000000000001,18.1,-4.899999999999999,-3.700000000000003,-0.8000000000000003,-13.5,-0.4,,0,0,0,0,0,0,0,0,0,0,0,0,,
145,624.0,G624R,benign_variant,0,0,0,0,0,1,0,0,0,0,0,0,0,0,0,0,0,0,0,0,0,0,0,0,0,0,0,0,0,0,0,0,0,0,1,0,0,0,0,0,1,0,0,0,0,0,0,0,0,0,0,0,0,0,0,0,0,0,1,0,0,0,0,0,0,1,0,0,0,0,0,0,1,0,0,0,1,99.13,70.8,14.899999999999999,61.5,19.900000000000002,-3.8999999999999986,-4.1,0.45981,0,0,1,0,0,0,0,0,0,0,0,1,42.56,0.6671347368031699
146,725.0,R725C,benign_variant,0,0,0,0,0,0,0,0,0,0,0,0,0,0,1,0,0,0,0,0,0,1,0,0,0,0,0,0,0,0,0,0,0,0,0,0,0,0,0,0,0,0,0,0,0,0,0,0,0,0,0,0,0,0,0,0,0,0,0,0,0,0,0,0,0,0,0,1,0,0,0,0,1,0,0,0,1,-53.03999999999999,-42.8,-44.5,-73.7,17.699999999999996,-42.7,7.0,,0,0,0,0,0,0,0,0,0,0,0,0,,
147,668.0,P668L,benign_variant,0,0,0,0,0,0,0,0,0,0,0,0,1,0,0,0,0,0,0,0,0,0,0,0,0,0,0,0,0,1,0,0,0,0,0,0,0,0,0,0,1,0,0,0,0,0,0,0,0,0,0,0,0,0,0,0,0,0,1,0,0,0,0,0,1,0,0,0,0,1,0,0,0,0,0,0,1,16.039999999999992,22.6,-21.0,-1.6000000000000014,-15.899999999999999,-56.1,5.4,0.67749,0,0,1,0,0,0,0,0,0,0,0,1,38.85,0.5564502774477216
148,411.0,P411L,benign_variant,0,0,0,0,0,0,0,0,0,0,0,0,1,0,0,0,0,0,0,0,0,0,0,0,0,0,0,0,0,1,0,0,0,0,0,0,0,0,0,0,1,0,0,0,0,0,0,0,0,0,0,0,0,0,1,0,0,0,0,0,0,0,0,0,1,0,0,0,0,1,0,0,0,0,0,0,1,16.039999999999992,22.6,-21.0,-1.6000000000000014,-15.899999999999999,-56.1,5.4,0.845068,0,0,1,0,0,0,0,0,0,0,1,0,41.04,0.3292338431192408
149,760.0,R760H,benign_variant,0,0,0,0,0,0,0,0,0,0,0,0,0,0,1,0,0,0,0,0,0,0,0,0,0,0,1,0,0,0,0,0,0,0,0,0,0,0,0,0,0,0,0,0,0,0,0,0,0,0,0,0,0,0,0,0,0,0,0,0,0,0,0,0,0,0,0,0,1,0,0,0,1,0,0,0,1,-19.039999999999992,-21.599999999999994,-8.699999999999996,-40.8,0.5,-22.0,1.2999999999999998,,0,0,0,0,0,0,0,0,0,0,0,0,,
150,652.0,P652L,benign_variant,0,0,0,0,0,0,0,0,0,0,0,0,1,0,0,0,0,0,0,0,0,0,0,0,0,0,0,0,0,1,0,0,0,0,0,0,0,0,0,0,1,0,0,0,0,0,0,0,0,0,0,0,0,0,0,0,0,0,1,0,0,0,0,0,1,0,0,0,0,1,0,0,0,0,0,0,1,16.039999999999992,22.6,-21.0,-1.6000000000000014,-15.899999999999999,-56.1,5.4,0.55699,0,0,1,0,0,0,0,0,0,0,0,1,32.23,0.324220328179164
151,822.0,A822T,benign_variant,1,0,0,0,0,0,0,0,0,0,0,0,0,0,0,0,0,0,0,0,0,0,0,0,0,0,0,0,0,0,0,0,0,0,0,0,1,0,0,0,0,0,0,0,0,0,0,0,0,0,0,0,0,0,0,0,0,0,0,0,0,0,0,0,1,0,0,0,0,0,1,0,0,0,0,0,1,30.03,18.1,-4.899999999999999,6.5,-21.200000000000003,-2.1000000000000014,-2.5,,0,0,0,0,0,0,0,0,0,0,0,0,,
152,62.0,A62V,benign_variant,1,0,0,0,0,0,0,0,0,0,0,0,0,0,0,0,0,0,0,0,0,0,0,0,0,0,0,0,0,0,0,0,0,0,0,0,0,1,0,0,1,0,0,0,0,0,0,0,0,0,0,0,0,0,0,0,0,0,1,0,0,0,0,0,1,0,0,0,0,1,0,0,0,0,0,0,1,28.060000000000002,31.800000000000004,-17.299999999999997,-0.7000000000000028,26.5,-17.799999999999997,2.4000000000000004,0.420403,0,0,1,0,0,0,0,0,1,0,0,0,46.14,0.6482305487763524
153,697.0,G697S,benign_variant,0,0,0,0,0,1,0,0,0,0,0,0,0,0,0,0,0,0,0,0,0,0,0,0,0,0,0,0,0,0,0,0,0,0,0,1,0,0,0,0,0,0,0,0,0,0,0,0,0,0,0,0,0,0,0,0,0,0,0,0,0,0,0,0,1,0,0,0,0,0,0,0,1,0,0,0,1,30.02000000000001,18.1,-4.899999999999999,-3.700000000000003,-0.8000000000000003,-13.5,-0.4,,0,0,0,0,0,0,0,0,0,0,0,0,,
154,605.0,T605S,benign_variant,0,0,0,0,0,0,0,0,0,0,0,0,0,0,0,0,1,0,0,0,0,0,0,0,0,0,0,0,0,0,0,0,0,0,0,1,0,0,0,0,0,0,0,0,0,0,0,0,0,0,0,0,1,0,0,1,0,0,0,0,0,0,0,0,1,0,0,0,0,0,0,0,1,0,0,0,1,-14.030000000000001,-15.899999999999999,11.100000000000001,-10.900000000000006,0.0,5.200000000000003,-0.10000000000000009,0.65704,0,0,0,1,0,0,0,0,0,0,0,1,89.21,0.28401470066797846
155,424.0,P424S,benign_variant,0,0,0,0,0,0,0,0,0,0,0,0,1,0,0,0,0,0,0,0,0,0,0,0,0,0,0,0,0,0,0,0,0,0,0,1,0,0,0,0,1,0,0,0,0,0,0,0,0,0,0,0,0,0,1,0,0,0,0,0,0,0,0,0,1,0,0,0,0,0,1,0,0,0,0,0,1,-10.039999999999992,-22.9,11.100000000000001,-5.400000000000006,-71.6,-25.700000000000003,0.8,0.660951,0,0,1,0,0,0,0,0,0,0,1,0,33.6,0.5204040182821428
156,755.0,Y755C,benign_variant,0,0,0,0,0,0,0,0,0,0,0,0,0,0,0,0,0,0,0,1,0,1,0,0,0,0,0,0,0,0,0,0,0,0,0,0,0,0,0,0,0,0,0,0,0,0,0,0,0,0,0,0,0,0,0,0,0,0,0,0,0,0,0,0,1,0,0,0,0,0,1,0,0,0,1,0,0,-60.03,-50.5,-2.5,-8.099999999999998,-30.5,-22.700000000000003,3.8,,0,0,0,0,0,0,0,0,0,0,0,0,,
157,777.0,P777R,benign_variant,0,0,0,0,0,0,0,0,0,0,0,0,1,0,0,0,0,0,0,0,0,0,0,0,0,0,0,0,0,0,0,0,0,0,1,0,0,0,0,0,0,0,0,0,0,0,0,0,0,0,0,0,0,0,0,0,0,0,0,0,0,0,0,0,0,1,0,0,0,0,1,0,0,0,0,0,1,59.06999999999999,29.799999999999997,30.9,59.8,-50.9,-16.1,-2.9,,0,0,0,0,0,0,0,0,0,0,0,0,,
158,520.0,D520G,benign_variant,0,0,1,0,0,0,0,0,0,0,0,0,0,0,0,0,0,0,0,0,0,0,0,0,0,1,0,0,0,0,0,0,0,0,0,0,0,0,0,0,0,0,0,0,0,0,0,0,0,0,1,0,0,0,1,0,0,0,0,0,0,1,0,0,0,0,0,0,0,0,0,0,1,0,0,0,1,-58.03,-31.3,-63.0,38.5,-14.8,9.0,3.1,0.844407,0,0,0,1,0,0,0,1,0,0,0,0,97.64,0.3042350700628018
159,724.0,P724L,benign_variant,0,0,0,0,0,0,0,0,0,0,0,0,1,0,0,0,0,0,0,0,0,0,0,0,0,0,0,0,0,1,0,0,0,0,0,0,0,0,0,0,0,0,0,0,0,0,0,0,0,0,0,0,0,0,0,0,0,0,0,0,0,0,0,0,1,0,0,0,0,1,0,0,0,0,0,0,1,16.039999999999992,22.6,-21.0,-1.6000000000000014,-15.899999999999999,-56.1,5.4,,0,0,0,0,0,0,0,0,0,0,0,0,,
160,664.0,P664L,benign_variant,0,0,0,0,0,0,0,0,0,0,0,0,1,0,0,0,0,0,0,0,0,0,0,0,0,0,0,0,0,1,0,0,0,0,0,0,0,0,0,0,1,0,0,0,0,0,0,0,0,0,0,0,0,0,0,0,0,0,1,0,0,0,0,0,1,0,0,0,0,1,0,0,0,0,0,0,1,16.039999999999992,22.6,-21.0,-1.6000000000000014,-15.899999999999999,-56.1,5.4,0.820887,0,0,1,0,0,0,0,0,0,0,0,1,53.81,0.2743746760152388
161,517.0,I517V,benign_variant,0,0,0,0,0,0,0,1,0,0,0,0,0,0,0,0,0,0,0,0,0,0,0,0,0,0,0,0,0,0,0,0,0,0,0,0,0,1,0,0,0,0,0,0,0,0,0,0,0,0,1,0,0,0,1,0,0,0,0,0,0,0,0,0,1,0,0,0,0,1,0,0,0,0,0,0,1,-14.019999999999982,-15.899999999999999,8.6,-0.7000000000000028,-33.99999999999999,12.100000000000001,-0.2999999999999998,0.818952,0,0,0,1,0,0,0,1,0,0,0,0,96.36,0.3209864623657762
162,177.0,I177V,benign_variant,0,0,0,0,0,0,0,1,0,0,0,0,0,0,0,0,0,0,0,0,0,0,0,0,0,0,0,0,0,0,0,0,0,0,0,0,0,1,0,0,0,0,0,0,1,0,0,0,0,0,0,0,0,0,0,0,0,0,0,1,0,0,0,0,1,0,0,0,0,1,0,0,0,0,0,0,1,-14.019999999999982,-15.899999999999999,8.6,-0.7000000000000028,-33.99999999999999,12.100000000000001,-0.2999999999999998,0.808627,0,0,0,0,1,1,0,0,0,0,0,0,94.55,0.4663264856438998
163,659.0,F659S,benign_variant,0,0,0,0,1,0,0,0,0,0,0,0,0,0,0,0,0,0,0,0,0,0,0,0,0,0,0,0,0,0,0,0,0,0,0,1,0,0,0,0,1,0,0,0,0,0,0,0,0,0,0,0,0,0,0,0,0,0,1,0,0,0,0,0,1,0,0,0,0,0,1,0,0,0,1,0,0,-60.099999999999994,-59.1,30.900000000000002,-3.8000000000000043,-74.19999999999999,35.0,-3.5999999999999996,0.737567,0,0,1,0,0,0,0,0,0,0,0,1,39.64,0.5013380591527751
164,780.0,N780T,benign_variant,0,0,0,0,0,0,0,0,0,0,0,1,0,0,0,0,0,0,0,0,0,0,0,0,0,0,0,0,0,0,0,0,0,0,0,0,1,0,0,0,0,0,0,0,0,0,0,0,0,0,0,0,0,0,0,0,0,0,0,0,0,0,0,0,1,0,0,0,0,0,0,0,1,0,0,0,1,-13.0,-1.3999999999999986,-42.0,14.400000000000002,-0.5,-10.800000000000004,2.8,,0,0,0,0,0,0,0,0,0,0,0,0,,
165,686.0,I686V,benign_variant,0,0,0,0,0,0,0,1,0,0,0,0,0,0,0,0,0,0,0,0,0,0,0,0,0,0,0,0,0,0,0,0,0,0,0,0,0,1,0,0,0,0,0,0,0,0,0,0,0,0,0,0,0,0,0,0,0,0,0,0,0,0,0,0,1,0,0,0,0,1,0,0,0,0,0,0,1,-14.019999999999982,-15.899999999999999,8.6,-0.7000000000000028,-33.99999999999999,12.100000000000001,-0.2999999999999998,,0,0,0,0,0,0,0,0,0,0,0,0,,
166,410.0,P410L,benign_variant,0,0,0,0,0,0,0,0,0,0,0,0,1,0,0,0,0,0,0,0,0,0,0,0,0,0,0,0,0,1,0,0,0,0,0,0,0,0,0,0,1,0,0,0,0,0,0,0,0,0,0,0,0,0,1,0,0,0,0,0,0,0,0,0,1,0,0,0,0,1,0,0,0,0,0,0,1,16.039999999999992,22.6,-21.0,-1.6000000000000014,-15.899999999999999,-56.1,5.4,0.855303,0,0,1,0,0,0,0,0,0,0,1,0,40.24,0.28278597767351177
167,849.0,C849F,benign_variant,0,1,0,0,0,0,0,0,0,0,0,0,0,0,0,0,0,0,0,0,0,0,0,0,1,0,0,0,0,0,0,0,0,0,0,0,0,0,0,0,0,0,0,0,0,0,0,0,0,0,0,0,0,0,0,0,0,0,0,0,0,0,0,0,1,0,0,0,0,0,0,1,0,0,0,1,0,44.03,49.2,-6.2,12.3,35.8,-1.9000000000000004,0.2999999999999998,,0,0,0,0,0,0,0,0,0,0,0,0,,
168,772.0,P772R,benign_variant,0,0,0,0,0,0,0,0,0,0,0,0,1,0,0,0,0,0,0,0,0,0,0,0,0,0,0,0,0,0,0,0,0,0,1,0,0,0,0,0,0,0,0,0,0,0,0,0,0,0,0,0,0,0,0,0,0,0,0,0,0,0,0,0,0,1,0,0,0,0,1,0,0,0,0,0,1,59.06999999999999,29.799999999999997,30.9,59.8,-50.9,-16.1,-2.9,,0,0,0,0,0,0,0,0,0,0,0,0,,
169,767.0,R767Q,benign_variant,0,0,0,0,0,0,0,0,0,0,0,0,0,0,1,0,0,0,0,0,0,0,0,0,0,0,0,0,0,0,0,0,0,1,0,0,0,0,0,0,0,0,0,0,0,0,0,0,0,0,0,0,0,0,0,0,0,0,0,0,0,0,0,0,0,0,0,1,0,0,0,0,1,0,0,0,1,-28.049999999999983,-19.5,-6.199999999999996,-65.6,-22.6,-6.5,1.0,,0,0,0,0,0,0,0,0,0,0,0,0,,
170,8.0,G8S,benign_variant,0,0,0,0,0,1,0,0,0,0,0,0,0,0,0,0,0,0,0,0,0,0,0,0,0,0,0,0,0,0,0,0,0,0,0,1,0,0,0,0,1,0,0,0,0,0,0,0,0,0,0,0,0,0,0,0,0,0,1,0,0,0,0,0,1,0,0,0,0,0,0,0,1,0,0,0,1,30.02000000000001,18.1,-4.899999999999999,-3.700000000000003,-0.8000000000000003,-13.5,-0.4,0.558243,0,0,1,0,0,0,0,0,1,0,0,0,46.28,0.5405929309991073
171,696.0,T696M,benign_variant,0,0,0,0,0,0,0,0,0,0,0,0,0,0,0,0,1,0,0,0,0,0,0,0,0,0,0,0,0,0,1,0,0,0,0,0,0,0,0,0,0,0,0,0,0,0,0,0,0,0,0,0,0,0,0,0,0,0,0,0,0,0,0,0,1,0,0,0,0,0,0,1,0,0,0,0,1,30.090000000000003,28.799999999999997,-16.1,-10.0,42.4,-31.4,2.5999999999999996,,0,0,0,0,0,0,0,0,0,0,0,0,,
172,647.0,R647Q,benign_variant,0,0,0,0,0,0,0,0,0,0,0,0,0,0,1,0,0,0,0,0,0,0,0,0,0,0,0,0,0,0,0,0,0,1,0,0,0,0,0,0,1,0,0,0,0,0,0,0,0,0,0,0,0,0,0,0,0,0,1,0,0,0,0,0,0,0,0,1,0,0,0,0,1,0,0,0,1,-28.049999999999983,-19.5,-6.199999999999996,-65.6,-22.6,-6.5,1.0,0.474427,0,1,0,0,0,0,0,0,0,0,0,1,29.73,0.5081713402831003
173,778.0,E778K,benign_variant,0,0,0,1,0,0,0,0,0,0,0,0,0,0,0,0,0,0,0,0,0,0,0,0,0,0,0,0,1,0,0,0,0,0,0,0,0,0,0,0,0,0,0,0,0,0,0,0,0,0,0,0,0,0,0,0,0,0,0,0,0,0,1,0,0,0,0,0,0,0,0,0,1,0,0,0,1,-0.9399999999999977,20.799999999999997,-29.599999999999994,83.7,25.7,5.699999999999996,-0.3999999999999999,,0,0,0,0,0,0,0,0,0,0,0,0,,
