,Logistic Regression,K Nearest Neighbors,Support Vector Machine,Random Forest,Light GBM,CatBoost,XGBoost,Gaussian Process,Total,Ratio
T857I,0,0,0,0,0,0,0,0,0,0.0
R604H,0,0,0,0,0,0,0,0,0,0.0
R854C,0,0,0,0,0,0,0,0,0,0.0
P848L,0,0,0,0,0,0,0,0,0,0.0
A703V,0,0,0,0,0,0,0,0,0,0.0
F527I,0,0,0,0,0,0,0,0,0,0.0
P29S,0,0,0,0,0,0,0,0,0,0.0
P370L,0,0,0,0,0,0,0,0,0,0.0
D675E,0,0,0,0,0,0,0,7,7,0.035
V367I,0,25,0,0,0,0,0,0,25,0.125
A611T,0,0,0,0,0,0,0,0,0,0.0
R489G,0,0,0,0,0,0,0,0,0,0.0
A64S,0,0,0,0,0,0,0,0,0,0.0
P652R,0,0,0,0,0,0,0,0,0,0.0
D470N,0,0,0,0,0,0,0,0,0,0.0
A754T,0,0,0,0,0,0,0,0,0,0.0
V690M,0,0,0,0,0,0,0,0,0,0.0
R782Q,0,0,0,0,0,0,0,0,0,0.0
P617S,25,0,0,3,1,2,3,0,34,0.17
V793L,0,0,0,0,0,0,0,0,0,0.0
P651R,0,0,0,0,0,0,0,0,0,0.0
A707T,0,0,0,0,0,0,0,0,0,0.0
A502V,0,0,0,0,0,0,0,0,0,0.0
V139M,0,0,0,15,4,0,2,0,21,0.105
E515D,0,0,0,0,0,0,0,6,6,0.03
V593M,0,0,0,5,1,1,0,0,7,0.035
I689L,0,0,0,0,0,0,0,0,0,0.0
A657T,0,0,0,0,0,0,0,0,0,0.0
A404T,0,0,0,0,0,0,0,0,0,0.0
G30S,0,0,0,0,0,0,0,0,0,0.0
H795N,0,0,1,0,0,0,0,0,1,0.005
G858S,0,0,0,0,0,0,0,0,0,0.0
G624R,0,0,0,0,0,0,11,0,11,0.055
R725C,0,0,0,0,0,0,0,0,0,0.0
P668L,0,0,0,0,0,0,0,0,0,0.0
P411L,0,0,0,0,0,0,0,0,0,0.0
R760H,0,0,0,0,0,0,0,0,0,0.0
P652L,0,0,0,0,0,0,0,0,0,0.0
A822T,0,0,0,0,0,0,0,0,0,0.0
A62V,0,0,0,0,0,0,0,0,0,0.0
G697S,0,0,0,0,0,0,0,0,0,0.0
T605S,0,0,0,0,0,0,0,0,0,0.0
P424S,0,0,0,0,0,0,0,0,0,0.0
Y755C,0,0,0,0,0,0,0,0,0,0.0
P777R,0,0,0,0,0,0,0,0,0,0.0
D520G,0,0,0,0,0,0,0,0,0,0.0
Y658C,0,0,0,0,0,0,0,0,0,0.0
P724L,0,0,0,0,0,0,0,0,0,0.0
P664L,0,0,0,0,0,0,0,0,0,0.0
I517V,0,0,0,0,0,0,0,0,0,0.0
I177V,2,0,0,8,0,0,0,6,16,0.08
F659S,0,0,0,0,0,0,0,0,0,0.0
N780T,0,0,0,0,0,0,0,0,0,0.0
I686V,0,0,0,0,0,0,0,0,0,0.0
P410L,0,0,0,0,0,0,0,0,0,0.0
C849F,0,0,0,0,0,0,0,0,0,0.0
P772R,0,0,0,0,0,0,0,0,0,0.0
R767Q,0,0,0,0,0,0,0,0,0,0.0
G8S,0,0,0,0,0,0,0,0,0,0.0
T696M,0,0,0,0,0,0,0,0,0,0.0
R647Q,0,0,0,1,0,0,0,0,1,0.005
E778K,0,0,0,0,0,0,0,0,0,0.0
G310S,0,0,0,0,0,0,0,0,0,0.0
A253T,0,0,0,0,0,0,0,0,0,0.0
L243F,0,0,0,0,0,0,0,0,0,0.0
R547W,2,18,0,13,6,19,22,0,80,0.4
L268F,0,0,0,0,0,0,0,0,0,0.0
D282Y,0,0,0,0,0,0,0,0,0,0.0
R201C,0,0,0,0,0,0,0,0,0,0.0
R207W,0,0,0,0,0,0,0,0,0,0.0
P88L,0,0,0,1,0,0,0,0,1,0.005
M208V,0,0,0,0,0,0,0,0,0,0.0
P335R,0,0,0,0,0,0,0,0,0,0.0
Y284H,0,0,0,0,0,0,0,0,0,0.0
N79K,0,0,0,4,6,1,25,0,36,0.18
Y264N,0,0,0,0,0,0,0,0,0,0.0
L81P,0,0,0,0,0,0,0,0,0,0.0
R333Q,0,0,0,0,0,0,0,0,0,0.0
G159R,0,4,2,0,0,0,0,0,6,0.03
A193D,0,0,0,1,0,0,0,0,1,0.005
R553Q,0,0,0,0,0,0,0,0,0,0.0
M546V,0,25,0,11,6,3,15,0,60,0.3
R144Q,0,11,25,0,0,0,1,2,39,0.195
G301S,0,0,0,0,0,0,0,0,0,0.0
R553L,0,0,0,0,0,0,0,0,0,0.0
T263I,0,0,0,0,0,0,0,0,0,0.0
G301D,0,0,0,0,0,0,0,0,0,0.0
R201H,0,0,0,0,0,0,0,0,0,0.0
T276N,0,0,0,0,0,0,0,0,0,0.0
K552T,0,0,0,0,0,0,0,0,0,0.0
A294V,0,0,0,0,2,0,0,0,2,0.01
S223P,0,0,0,0,0,0,0,0,0,0.0
R553W,0,0,0,0,0,0,0,0,0,0.0
P561S,0,0,0,0,0,0,0,0,0,0.0
N190S,0,0,0,0,0,0,0,0,0,0.0
L161P,0,25,2,8,25,13,20,0,93,0.465
F555L,0,0,0,0,0,0,0,0,0,0.0
R210P,0,0,0,0,0,0,0,0,0,0.0
A294G,0,0,0,0,2,0,0,0,2,0.01
G279S,0,0,0,0,0,0,0,0,0,0.0
E130K,0,0,0,0,0,0,0,0,0,0.0
T234I,0,0,0,0,0,0,0,0,0,0.0
W269C,0,0,0,0,0,0,0,0,0,0.0
C169R,0,2,0,0,0,0,0,5,7,0.035
K319T,0,0,0,0,0,0,0,0,0,0.0
R207Q,0,0,0,0,0,0,0,0,0,0.0
T114I,0,17,3,1,6,4,3,0,34,0.17
A343G,0,0,0,0,0,0,0,0,0,0.0
S113F,0,15,11,5,3,3,1,0,38,0.19
V320I,0,0,0,3,0,0,0,20,23,0.115
T287A,0,0,0,0,0,0,0,0,0,0.0
T277S,0,0,0,0,0,0,0,0,0,0.0
A265V,0,0,0,0,0,0,0,0,0,0.0
L200P,0,0,0,0,0,0,0,0,0,0.0
T287N,0,0,0,0,0,0,0,0,0,0.0
A185T,0,0,0,0,0,0,0,25,25,0.125
D212Y,0,0,0,0,0,0,0,0,0,0.0
V589G,21,25,0,5,0,0,0,13,64,0.32
P285T,0,0,0,0,0,0,0,0,0,0.0
D566H,0,0,0,0,0,0,1,0,1,0.005
R213W,0,0,0,0,0,0,0,0,0,0.0
S314T,0,0,0,0,0,0,0,0,0,0.0
Q341H,0,0,0,0,0,0,0,0,0,0.0
D282V,0,0,0,0,0,0,0,0,0,0.0
R214W,0,0,0,0,0,0,0,0,0,0.0
E119G,25,25,20,25,25,25,25,0,170,0.85
V224A,0,0,0,1,0,0,0,12,13,0.065
S352P,0,0,0,0,0,0,3,0,3,0.015
C242G,0,0,0,0,0,0,0,0,0,0.0
I582F,0,0,0,0,0,0,0,0,0,0.0
R144W,0,2,6,0,0,0,0,0,8,0.04
A348T,0,21,0,0,0,0,0,0,21,0.105
K583N,0,0,0,0,0,0,0,0,0,0.0
Y363H,0,0,24,12,2,1,25,25,89,0.445
M578I,0,0,0,0,0,0,0,0,0,0.0
T234P,0,0,0,0,0,0,0,0,0,0.0
A246P,0,0,0,0,0,0,0,0,0,0.0
R395G,0,25,25,13,0,0,0,0,63,0.315
G271V,0,0,0,0,0,0,0,0,0,0.0
P308L,0,0,0,0,0,0,0,0,0,0.0
I311M,0,0,0,0,0,0,0,0,0,0.0
P561L,0,0,0,0,0,0,0,0,0,0.0
A265G,0,0,0,0,0,0,0,0,0,0.0
H260Y,0,0,0,0,0,0,0,0,0,0.0
M565T,0,0,0,0,0,0,0,0,0,0.0
L351F,0,3,0,0,0,0,0,0,3,0.015
L637R,25,25,24,24,25,25,25,25,198,0.99
G216V,0,0,0,0,0,0,0,0,0,0.0
G256R,0,19,0,7,6,11,1,0,44,0.22
N190I,0,0,0,0,0,0,0,0,0,0.0
W344R,0,0,0,0,0,0,0,0,0,0.0
R214Q,0,0,0,0,0,0,0,0,0,0.0
R353G,0,0,0,0,0,0,0,0,0,0.0
E231Q,0,0,0,0,0,0,0,0,0,0.0
M1I,0,25,23,11,2,5,5,0,71,0.355
I278T,0,0,0,0,0,0,0,0,0,0.0
L356Q,0,0,0,0,0,0,0,0,0,0.0
Y362C,0,0,0,0,0,0,0,0,0,0.0
A196V,0,0,0,0,0,0,0,0,0,0.0
Q204R,0,0,0,0,0,0,0,0,0,0.0
I340M,0,0,0,0,0,0,0,0,0,0.0
I340T,0,0,0,0,0,0,0,0,0,0.0
L351V,0,6,0,0,0,0,0,0,6,0.03
D282H,0,0,0,0,0,0,0,0,0,0.0
Q204H,0,0,0,0,0,0,0,0,0,0.0
A265T,0,0,0,0,0,0,0,0,0,0.0
H324R,0,0,0,0,0,0,0,0,0,0.0
M546T,0,25,23,0,9,3,12,0,72,0.36
R332K,0,0,0,0,0,0,0,0,0,0.0
V132M,19,0,0,3,16,5,12,24,79,0.395
E231G,0,0,0,0,0,0,0,0,0,0.0
R588S,0,0,0,1,0,0,0,0,1,0.005
S195P,0,0,0,0,0,0,0,0,0,0.0
L243V,0,0,0,0,0,0,0,0,0,0.0
V250L,0,0,0,0,0,0,0,18,18,0.09
E231D,0,0,0,0,0,0,0,25,25,0.125
G290V,0,0,0,0,0,0,0,0,0,0.0
S229I,0,0,0,0,0,0,0,0,0,0.0
N350H,0,4,0,0,0,0,0,0,4,0.02
M1V,0,25,25,12,5,6,16,0,89,0.445
W269L,0,0,0,0,0,0,0,0,0,0.0
G315A,0,0,0,0,0,0,0,0,0,0.0
F304S,0,0,0,0,0,0,0,0,0,0.0
Q188K,0,0,0,0,0,0,0,0,0,0.0
S247W,0,0,0,0,0,0,0,0,0,0.0
R291S,0,0,0,0,0,0,0,0,0,0.0
I209T,0,0,0,0,0,0,0,0,0,0.0
D488E,25,25,25,25,25,25,25,18,193,0.965
G281W,0,0,0,1,0,0,0,0,1,0.005
F104S,0,0,0,0,0,0,0,0,0,0.0
R541G,2,25,0,17,8,14,2,0,68,0.34
V250G,0,0,0,0,0,0,0,5,5,0.025
K554N,0,0,0,0,0,0,1,0,1,0.005
Y284C,0,0,0,0,0,0,0,0,0,0.0
D259Y,0,0,0,1,20,19,0,0,40,0.2
R291G,0,0,0,0,0,0,0,0,0,0.0
G290D,0,0,0,0,0,0,0,0,0,0.0
L203P,0,0,0,0,0,0,0,0,0,0.0
P561R,0,0,0,0,0,0,0,0,0,0.0
I273N,0,0,0,0,0,0,0,0,0,0.0
A235V,0,0,0,0,0,0,0,0,0,0.0
K556E,0,0,0,0,0,0,0,22,22,0.11
P285S,0,0,0,0,0,0,0,0,0,0.0
G271D,0,0,0,0,0,0,0,0,0,0.0
T716I,0,0,25,12,2,23,0,25,87,0.435
T234A,0,0,0,0,0,0,0,0,0,0.0
D563Y,0,0,0,0,0,0,0,0,0,0.0
G222D,0,0,0,0,0,0,0,0,0,0.0
T217A,0,0,0,0,0,0,0,0,0,0.0
P285H,0,0,0,0,0,0,0,0,0,0.0
P335L,0,0,0,0,0,0,0,0,0,0.0
D563N,0,0,0,0,0,0,0,0,0,0.0
V175L,25,14,25,5,0,0,5,6,80,0.4
D212A,0,0,0,0,0,0,0,0,0,0.0
R353C,0,2,0,0,0,0,0,0,2,0.01
W269S,0,0,0,0,0,0,0,0,0,0.0
D282E,0,0,0,0,0,0,0,2,2,0.01
A306T,0,0,0,0,0,0,0,0,0,0.0
T276P,0,0,0,0,0,0,0,0,0,0.0
A501P,25,25,25,25,25,25,25,25,200,1.0
F261C,0,0,0,0,0,0,0,0,0,0.0
I568T,0,0,0,0,0,0,0,0,0,0.0
R213Q,0,0,0,0,0,0,0,0,0,0.0
T359K,0,0,0,0,0,0,0,0,0,0.0
L245P,0,0,0,0,0,0,0,0,0,0.0
S195F,0,0,0,0,0,0,0,0,0,0.0
N350I,0,0,0,0,0,0,0,0,0,0.0
I205V,0,0,0,0,0,0,0,0,0,0.0
E140Q,19,25,25,17,24,25,25,25,185,0.925
P335A,0,0,0,0,0,0,0,0,0,0.0
G301V,0,0,0,0,0,0,0,0,0,0.0
H228Q,0,0,0,0,0,0,0,0,0,0.0
G256W,0,0,0,1,8,4,24,0,37,0.185
I340N,0,0,0,0,0,0,0,0,0,0.0
V182M,14,0,0,1,1,0,1,3,20,0.1
G256V,0,0,0,1,11,4,0,0,16,0.08
Y154D,0,0,0,0,0,0,0,0,0,0.0
Y363C,0,0,0,9,1,4,4,14,32,0.16
K283R,0,0,0,0,0,0,0,0,0,0.0
A337T,0,0,0,0,0,0,0,0,0,0.0
R325G,0,0,0,0,0,0,0,0,0,0.0
I592M,0,0,2,0,0,1,5,0,8,0.04
G189V,0,0,0,0,0,0,0,0,0,0.0
G313R,0,0,0,0,0,0,0,0,0,0.0
L206R,0,0,0,0,0,0,0,0,0,0.0
D266E,0,0,0,0,0,0,0,2,2,0.01
T114A,0,20,25,5,8,4,7,22,91,0.455
L292P,0,0,0,0,0,0,0,0,0,0.0
M1K,0,25,1,12,4,5,23,0,70,0.35
G215R,0,0,0,0,0,0,0,0,0,0.0
D355G,0,0,0,0,0,0,0,0,0,0.0
N258I,0,0,0,0,0,0,0,0,0,0.0
F305L,0,0,0,0,0,0,0,0,0,0.0
L356R,0,0,0,0,0,0,0,0,0,0.0
L356V,0,0,0,0,0,0,0,0,0,0.0
H96P,0,0,0,0,5,0,0,0,5,0.025
L268P,0,0,0,0,0,0,0,0,0,0.0
T296P,0,0,0,0,0,0,0,0,0,0.0
R213L,0,0,0,0,0,0,0,0,0,0.0
A265P,0,0,0,0,0,0,0,0,0,0.0
S122L,0,0,0,3,13,4,4,0,24,0.12
L197P,0,0,0,1,0,0,0,0,1,0.005
N258S,0,2,0,0,0,0,0,0,2,0.01
W218R,0,0,0,0,0,0,0,0,0,0.0
T277A,0,0,0,0,0,0,0,0,0,0.0
R560W,0,0,0,0,0,0,0,0,0,0.0
G239R,0,0,0,0,0,0,0,0,0,0.0
Q3E,0,0,0,0,0,0,0,0,0,0.0
G8R,0,0,0,0,0,0,0,0,0,0.0
G16E,0,0,0,0,0,0,0,0,0,0.0
L20V,0,0,0,0,0,0,0,0,0,0.0
V25M,0,0,0,0,0,0,0,0,0,0.0
G26E,0,0,0,0,0,0,0,0,0,0.0
G30A,0,0,0,0,0,0,0,0,0,0.0
S34F,0,13,8,0,0,0,0,8,29,0.145
T35S,0,0,0,0,0,0,0,9,9,0.045
I53T,0,0,17,0,0,0,0,23,40,0.2
P57S,0,0,0,0,0,0,0,0,0,0.0
R58C,0,0,8,0,0,0,0,0,8,0.04
G60A,0,0,0,0,0,0,0,0,0,0.0
P67S,0,0,0,0,0,0,0,0,0,0.0
P67A,0,0,0,0,0,0,0,0,0,0.0
R75H,0,25,23,18,25,0,8,25,124,0.62
Q78K,25,25,25,23,23,24,3,25,173,0.865
W91G,25,6,25,25,25,25,13,25,169,0.845
V108M,10,25,25,25,25,25,25,0,160,0.8
K116R,0,0,0,0,0,0,0,0,0,0.0
E117D,0,0,0,0,0,2,0,6,8,0.04
E117G,0,0,4,2,0,2,9,1,18,0.09
F142L,1,0,0,22,9,0,0,0,32,0.16
V143L,0,0,0,12,4,0,0,0,16,0.08
R160Q,25,1,0,21,25,17,13,21,123,0.615
K162R,21,0,0,16,5,0,0,0,42,0.21
R165W,25,10,5,21,12,2,24,1,100,0.5
P167L,25,0,25,19,24,17,25,1,136,0.68
L176V,20,0,0,16,0,0,0,5,41,0.205
V225I,25,25,25,25,25,25,25,18,193,0.965
G256E,25,15,25,25,25,25,24,0,164,0.82
D259H,25,25,25,25,24,25,4,25,178,0.89
D259N,25,25,25,25,25,23,21,25,194,0.97
A295S,25,17,25,24,25,25,25,25,191,0.955
H357R,25,25,25,23,25,24,25,25,197,0.985
R365Q,0,25,0,3,0,0,0,0,28,0.14
V367A,0,25,0,2,0,0,0,0,27,0.135
T368N,0,0,0,2,0,0,0,0,2,0.01
V369M,0,0,0,0,0,0,0,0,0,0.0
M371V,0,0,0,0,0,0,0,0,0,0.0
Q375E,0,0,0,0,0,0,0,0,0,0.0
G380A,0,0,0,0,0,0,0,0,0,0.0
G380R,0,0,0,0,0,0,0,0,0,0.0
I385L,0,0,0,0,0,0,0,0,0,0.0
P387R,25,0,0,0,0,2,21,5,53,0.265
S399G,23,0,0,0,0,0,1,1,25,0.125
L403F,0,0,0,0,0,0,0,0,0,0.0
D408E,0,0,0,0,0,0,0,24,24,0.12
D408V,0,0,0,0,0,0,0,0,0,0.0
P411Q,0,0,0,0,0,0,0,0,0,0.0
P413L,0,0,0,0,0,0,0,0,0,0.0
G418A,0,0,0,0,0,0,0,0,0,0.0
P420L,0,0,0,0,0,0,0,0,0,0.0
P424L,0,0,0,0,0,0,0,0,0,0.0
G431R,0,0,0,0,0,0,0,0,0,0.0
R432H,0,0,0,0,0,0,0,0,0,0.0
Q435R,0,0,0,0,0,0,0,0,0,0.0
D441G,0,0,0,0,0,0,0,0,0,0.0
R442C,0,0,0,0,0,0,0,0,0,0.0
A451V,0,0,0,0,0,0,0,0,0,0.0
S457F,0,0,0,0,0,0,0,0,0,0.0
Q461P,0,0,0,0,0,0,0,0,0,0.0
R465Q,0,0,0,0,0,0,0,0,0,0.0
R465W,0,0,0,0,0,0,0,0,0,0.0
A469T,0,0,0,0,0,0,0,0,0,0.0
E474K,0,0,0,0,0,0,0,0,0,0.0
S478G,25,3,0,22,25,25,25,25,150,0.75
R489H,0,0,0,0,0,0,0,0,0,0.0
R493H,0,0,0,0,0,0,0,0,0,0.0
R497C,0,0,0,0,0,0,0,0,0,0.0
I498L,0,0,0,0,0,0,0,0,0,0.0
K499R,0,0,0,0,0,0,0,0,0,0.0
A502T,0,0,0,0,0,0,0,0,0,0.0
R504Q,0,0,0,0,0,0,0,0,0,0.0
E509A,0,0,0,0,0,0,0,0,0,0.0
G514R,0,0,0,0,0,0,0,0,0,0.0
S522N,0,0,0,0,0,0,0,0,0,0.0
C523Y,0,0,0,0,0,0,0,0,0,0.0
C525S,0,0,0,0,0,0,0,0,0,0.0
E526Q,0,0,0,0,0,0,0,0,0,0.0
L532P,24,0,0,13,0,7,0,0,44,0.22
K537R,0,1,8,5,23,1,17,25,80,0.4
V538I,0,0,25,2,0,0,0,3,30,0.15
V543M,0,0,15,3,1,0,0,3,22,0.11
V545I,0,0,14,4,1,0,0,3,22,0.11
V564L,25,25,25,24,25,25,25,2,176,0.88
A598V,0,0,0,0,0,0,0,0,0,0.0
T600M,0,0,0,0,0,0,0,0,0,0.0
D601N,0,0,0,0,0,0,0,0,0,0.0
T605I,0,0,0,0,0,0,0,0,0,0.0
P608L,0,0,0,0,0,0,0,0,0,0.0
A611V,0,0,0,0,0,0,0,0,0,0.0
R622W,25,21,0,18,1,0,23,0,88,0.44
G624W,24,23,0,4,0,0,0,0,51,0.255
M633T,0,0,0,19,2,0,0,0,21,0.105
M633V,0,0,0,5,2,0,6,0,13,0.065
E634Q,0,0,0,0,0,0,0,0,0,0.0
K635N,0,0,0,1,0,0,0,0,1,0.005
L640M,0,0,0,1,0,0,0,0,1,0.005
Q646R,0,0,0,1,0,0,0,0,1,0.005
R647W,0,0,0,1,0,0,0,0,1,0.005
G649V,0,0,0,0,0,0,0,0,0,0.0
G649A,0,0,0,0,0,0,0,0,0,0.0
E654V,0,0,0,0,0,0,0,0,0,0.0
E656D,0,0,0,0,0,0,0,2,2,0.01
E656K,0,0,0,0,0,0,0,0,0,0.0
G660R,0,0,0,0,0,0,0,0,0,0.0
G660V,0,0,0,0,0,0,0,0,0,0.0
E663G,0,0,0,0,0,0,0,0,0,0.0
P664T,0,0,0,0,0,0,0,0,0,0.0
P666L,0,0,0,0,0,0,0,0,0,0.0
P666Q,0,0,0,0,0,0,0,0,0,0.0
A667V,0,0,0,0,0,0,0,0,0,0.0
R677Q,0,0,0,0,0,0,0,0,0,0.0
R677W,0,0,0,0,0,0,0,0,0,0.0
V680G,0,0,0,0,0,0,0,0,0,0.0
H683R,0,0,1,0,0,0,0,0,1,0.005
G684S,0,0,0,0,0,0,0,0,0,0.0
I689F,0,0,0,0,0,0,0,0,0,0.0
R691C,0,0,0,0,0,0,0,0,0,0.0
S694T,0,0,0,0,0,0,0,0,0,0.0
N700K,0,0,0,0,0,0,0,0,0,0.0
S702L,0,0,0,0,0,0,0,0,0,0.0
P704L,0,0,0,0,0,0,0,0,0,0.0
P705L,0,0,0,0,0,0,0,0,0,0.0
A706D,0,0,0,0,0,0,0,0,0,0.0
A707V,0,0,0,0,0,0,0,0,0,0.0
P713A,0,0,0,0,0,0,0,0,0,0.0
P714H,0,0,0,0,0,0,0,0,0,0.0
P724S,0,0,0,0,0,0,0,0,0,0.0
G727S,0,0,0,0,0,0,0,0,0,0.0
T730A,0,0,0,0,0,0,0,0,0,0.0
S731A,0,0,0,0,0,0,0,0,0,0.0
P732S,0,0,0,0,0,0,0,0,0,0.0
R741L,0,0,0,0,0,0,0,0,0,0.0
P743L,0,0,0,0,0,0,0,0,0,0.0
P745L,0,0,0,0,0,0,0,0,0,0.0
H748Q,0,0,1,0,0,0,0,0,1,0.005
R760C,0,0,0,0,0,0,0,0,0,0.0
R767W,0,0,0,0,0,0,0,0,0,0.0
Q768R,0,0,0,0,0,0,0,0,0,0.0
P772A,0,0,0,0,0,0,0,0,0,0.0
P777S,0,0,0,0,0,0,0,0,0,0.0
E778V,0,0,0,0,0,0,0,0,0,0.0
G779R,0,0,0,0,0,0,0,0,0,0.0
L781P,0,0,0,2,0,7,0,0,9,0.045
R782W,0,0,0,0,0,0,0,0,0,0.0
S789T,0,0,0,0,0,0,0,0,0,0.0
E796K,0,0,0,0,0,0,0,0,0,0.0
K811R,0,0,0,0,0,0,0,0,0,0.0
D815E,0,0,0,3,0,3,0,7,13,0.065
A822V,0,0,0,0,0,0,0,0,0,0.0
K829E,0,0,0,0,0,0,0,0,0,0.0
A835V,0,0,0,0,0,0,0,0,0,0.0
E838G,0,2,0,8,8,24,25,0,67,0.335
C846R,0,0,7,0,0,0,0,0,7,0.035
G850R,0,0,0,0,0,0,0,0,0,0.0
P852L,0,0,0,0,0,0,0,0,0,0.0
R854H,0,0,0,0,0,0,0,0,0,0.0
S855L,0,0,0,0,0,0,0,0,0,0.0
T857A,0,0,0,0,0,0,0,0,0,0.0
V865M,0,0,0,0,0,0,0,0,0,0.0
V865G,0,0,0,0,0,0,0,0,0,0.0
G869E,0,0,0,0,0,0,0,0,0,0.0
R871S,0,0,0,0,0,0,0,0,0,0.0
R871G,0,0,0,0,0,0,0,0,0,0.0
