,Position,Freq,Conservation,pLDDT
0,1,0.0,0.6197,35.85
1,2,0.0,0.65838,33.63
2,3,3.07817644723031e-06,0.71927,37.47
3,4,0.0,0.74279,38.76
4,5,0.0,0.73004,41.53
5,6,0.0,0.74378,42.67
6,7,0.0,0.68946,41.87
7,8,2.02597297352053e-06,0.64081,35.85
8,9,8.49789507139082e-07,0.59054,39.91
9,10,0.0,0.54742,34.15
10,11,0.0,0.60965,34.88
11,12,1.09966724069297e-06,0.69383,40.95
12,13,0.0,0.67435,38.02
13,14,0.0,0.68418,40.14
14,15,6.37221916355702e-07,0.55969,32.59
15,16,1.64670855893241e-06,0.50648,39.43
16,17,0.0,0.52534,32.57
17,18,0.0,0.50083,30.01
18,19,0.0,0.4924,32.2
19,20,1.32546010033733e-06,0.4731,28.47
20,21,0.0,0.52854,30.99
21,22,0.0,0.51094,30.46
22,23,0.0,0.58799,30.56
23,24,0.0,0.6675,30.61
24,25,5.60838655692176e-07,0.63548,36.71
25,26,1.12524417798662e-06,0.64271,34.31
26,27,0.0,0.70767,33.13
27,28,0.0,0.67126,32.62
28,29,2.26870032964216e-06,0.6312,31.35
29,30,2.84385959523915e-06,0.6536,30.96
30,31,0.0,0.65431,34.5
31,32,0.0,0.63033,32.17
32,33,0.0,0.59923,28.49
33,34,5.67988831067626e-07,0.5435,36.35
34,35,5.67696695551075e-07,0.52223,32.83
35,36,0.0,0.66177,35.74
36,37,0.0,0.69874,32.16
37,38,0.0,0.73496,40.59
38,39,0.0,0.71499,36.56
39,40,0.0,0.70248,36.81
40,41,0.0,0.69546,38.03
41,42,0.0,0.70573,39.93
42,43,1.9793334962042e-05,0.65683,33.69
43,44,0.0,0.66238,33.46
44,45,0.0,0.56026,33.47
45,46,0.0,0.52478,31.39
46,47,0.0,0.42796,36.79
47,48,0.0,0.41791,35.58
48,49,0.0,0.56875,34.32
49,50,5.61021777743368e-07,0.62326,33.72
50,51,0.0,0.65121,34.48
51,52,0.0,0.69629,32.35
52,53,4.80909804404364e-07,0.6551,39.74
53,54,5.60897166235337e-07,0.64843,39.19
54,55,0.0,0.63184,36.85
55,56,0.0,0.65363,39.17
56,57,7.52907729651916e-07,0.70067,38.07
57,58,1.699674342396e-06,0.65339,35.0
58,59,0.0,0.56349,35.65
59,60,5.60514238182678e-07,0.57381,31.3
60,61,0.0,0.50685,29.78
61,62,1.06809567695904e-05,0.54134,35.21
62,63,0.0,0.53546,34.24
63,64,7.63843906969923e-06,0.49678,41.27
64,65,1.67413330118997e-06,0.60756,43.39
65,66,0.0,0.63722,44.74
66,67,2.22188893888139e-06,0.68279,51.62
67,68,5.52509387134487e-07,0.71356,51.62
68,69,0.0,0.70467,55.3
69,70,0.0,0.72897,59.64
70,71,0.0,0.72612,71.72
71,72,5.35698980029142e-07,0.6961,78.97
72,73,0.0,0.69416,82.78
73,74,0.0,0.72552,82.8
74,75,5.12656462752432e-07,0.70251,82.33
75,76,0.0,0.67593,85.54
76,77,0.0,0.69504,88.05
77,78,4.19259261122634e-07,0.72178,88.58
78,79,0.0,0.7236,86.53
79,80,0.0,0.69293,87.73
80,81,0.0,0.61123,88.78
81,82,0.0,0.59896,87.16
82,83,0.0,0.43987,85.36
83,84,0.0,0.48211,86.6
84,85,0.0,0.48271,85.74
85,86,0.0,0.571,79.54
86,87,0.0,0.63044,74.64
87,88,0.0,0.74223,74.41
88,89,0.0,0.72844,77.4
89,90,0.0,0.71578,84.37
90,91,5.30064461139119e-07,0.76343,81.55
91,92,0.0,0.71083,85.2
92,93,0.0,0.74692,87.09
93,94,0.0,0.71086,89.13
94,95,0.0,0.76732,89.09
95,96,0.0,0.77205,88.17
96,97,2.87189949730271e-06,0.73175,88.08
97,98,0.0,0.79362,90.6
98,99,0.0,0.74242,87.65
99,100,0.0,0.79735,87.5
100,101,0.0,0.77863,89.54
101,102,0.0,0.76658,88.83
102,103,0.0,0.80002,86.82
103,104,7.16548643143489e-07,0.80824,87.73
104,105,0.0,0.81681,87.73
105,106,0.0,0.8511,85.31
106,107,0.0,0.7835,85.66
107,108,9.55456612715217e-07,0.79292,87.3
108,109,0.0,0.77893,86.66
109,110,0.0,0.80437,82.22
110,111,0.0,0.79193,85.97
111,112,0.0,0.82657,87.71
112,113,0.0,0.80996,82.83
113,114,0.0,0.80304,83.92
114,115,2.18381736735357e-06,0.80977,89.0
115,116,5.45991900756144e-07,0.75526,88.22
116,117,1.03043280238566e-06,0.77053,88.79
117,118,0.0,0.80443,87.78
118,119,0.0,0.76221,83.98
119,120,0.0,0.72616,82.95
120,121,0.0,0.75475,86.6
121,122,0.0,0.74631,85.54
122,123,2.73247635588209e-07,0.72438,81.57
123,124,0.0,0.70236,84.21
124,125,6.37721751796143e-07,0.72888,88.0
125,126,0.0,0.72318,84.02
126,127,0.0,0.77728,84.07
127,128,2.73276907117552e-07,0.73963,88.66
128,129,0.0,0.74417,87.18
129,130,0.0,0.80182,85.95
130,131,0.0,0.77148,89.25
131,132,0.0,0.77773,91.05
132,133,0.0,0.80987,88.18
133,134,0.0,0.81786,90.65
134,135,3.18515970390755e-06,0.81173,93.03
135,136,0.0,0.816,91.79
136,137,0.0,0.84209,90.19
137,138,0.0,0.81408,92.51
138,139,1.27357223001224e-06,0.81812,93.76
139,140,0.0,0.82903,92.1
140,141,0.0,0.85121,91.45
141,142,4.50547866205306e-07,0.79688,92.29
142,143,2.54712499633851e-06,0.83165,92.34
143,144,0.0,0.84035,90.88
144,145,0.0,0.82283,91.27
145,146,0.0,0.87457,91.29
146,147,0.0,0.79082,89.59
147,148,0.0,0.82708,87.28
148,149,0.0,0.83054,85.33
149,150,5.4590427131879e-07,0.87656,81.92
150,151,0.0,0.89056,79.83
151,152,0.0,0.89513,79.04
152,153,0.0,0.868,79.93
153,154,0.0,0.88678,84.87
154,155,9.55022271119363e-07,0.86497,78.65
155,156,0.0,0.82749,85.67
156,157,0.0,0.89334,85.23
157,158,0.0,0.84422,88.73
158,159,0.0,0.81661,87.74
159,160,3.8209721699492e-07,0.84997,90.01
160,161,0.0,0.80405,89.94
161,162,8.18881440707252e-07,0.8331,89.92
162,163,0.0,0.84854,88.4
163,164,0.0,0.82071,89.74
164,165,3.82144672330051e-06,0.85153,91.61
165,166,0.0,0.85337,87.44
166,167,9.55285018838221e-07,0.86041,86.03
167,168,0.0,0.86208,84.89
168,169,0.0,0.88252,88.07
169,170,0.0,0.8316,89.64
170,171,0.0,0.84385,87.8
171,172,0.0,0.84773,88.63
172,173,2.93754946098905e-07,0.80309,88.87
173,174,0.0,0.85607,86.95
174,175,0.0,0.80831,86.0
175,176,3.48351461543392e-07,0.79154,88.67
176,177,1.19920037319116e-06,0.77401,88.55
177,178,0.0,0.78984,84.16
178,179,0.0,0.80554,83.61
179,180,1.19180952738495e-06,0.80296,86.66
180,181,0.0,0.75635,82.75
181,182,0.0,0.79708,78.38
182,183,0.0,0.77764,80.38
183,184,0.0,0.76103,81.4
184,185,0.0,0.79684,77.49
185,186,0.0,0.7912,70.93
186,187,0.0,0.78411,72.41
187,188,0.0,0.848,68.95
188,189,0.0,0.81077,65.64
189,190,0.0,0.84766,66.47
190,191,6.95746069382581e-07,0.82801,65.8
191,192,0.0,0.84783,63.35
192,193,0.0,0.81929,62.31
193,194,0.0,0.82264,64.67
194,195,0.0,0.82273,67.25
195,196,3.54416884987468e-07,0.8043,66.57
196,197,0.0,0.75503,66.48
197,198,0.0,0.82569,67.33
198,199,0.0,0.82131,68.99
199,200,0.0,0.79274,69.48
200,201,0.0,0.84353,68.27
201,202,0.0,0.84811,69.24
202,203,0.0,0.80278,68.69
203,204,0.0,0.8594,70.96
204,205,0.0,0.83876,76.38
205,206,0.0,0.81167,77.24
206,207,0.0,0.85191,76.95
207,208,0.0,0.88118,77.54
208,209,0.0,0.84613,77.64
209,210,0.0,0.86252,75.6
210,211,0.0,0.88965,73.14
211,212,0.0,0.85085,75.16
212,213,0.0,0.84835,72.07
213,214,0.0,0.84763,72.21
214,215,0.0,0.82331,80.22
215,216,0.0,0.8226,82.07
216,217,0.0,0.83901,84.63
217,218,0.0,0.87503,87.45
218,219,0.0,0.83142,86.89
219,220,0.0,0.80629,87.66
220,221,0.0,0.80341,91.0
221,222,0.0,0.7988,92.49
222,223,0.0,0.82258,89.88
223,224,0.0,0.81382,93.36
224,225,4.18438754793216e-07,0.82573,95.13
225,226,0.0,0.86404,94.76
226,227,0.0,0.82537,91.68
227,228,0.0,0.87637,94.47
228,229,0.0,0.84016,95.15
229,230,0.0,0.82729,95.1
230,231,0.0,0.82851,95.17
231,232,0.0,0.79232,94.8
232,233,0.0,0.77404,95.58
233,234,0.0,0.83568,95.5
234,235,0.0,0.81594,94.35
235,236,0.0,0.87925,93.99
236,237,0.0,0.87002,96.25
237,238,1.02847063844886e-06,0.83796,95.9
238,239,0.0,0.83092,95.21
239,240,0.0,0.84961,95.67
240,241,0.0,0.80435,95.82
241,242,0.0,0.86024,94.86
242,243,0.0,0.80036,96.11
243,244,0.0,0.82149,97.07
244,245,0.0,0.80565,96.17
245,246,0.0,0.80424,95.4
246,247,0.0,0.82305,96.4
247,248,0.0,0.84188,96.34
248,249,0.0,0.80184,96.09
249,250,0.0,0.81736,96.05
250,251,0.0,0.85175,96.45
251,252,0.0,0.79964,95.61
252,253,0.0,0.80417,95.22
253,254,0.0,0.81514,95.08
254,255,0.0,0.81637,91.59
255,256,3.17618824378388e-07,0.75477,89.41
256,257,0.0,0.77953,89.02
257,258,0.0,0.83332,88.33
258,259,1.19103881452572e-06,0.77117,90.34
259,260,0.0,0.81164,91.32
260,261,0.0,0.84291,93.13
261,262,0.0,0.76888,90.7
262,263,0.0,0.83447,94.16
263,264,0.0,0.85251,95.58
264,265,0.0,0.80531,96.71
265,266,0.0,0.84725,95.82
266,267,0.0,0.83389,96.0
267,268,0.0,0.81455,96.95
268,269,0.0,0.88507,96.89
269,270,0.0,0.87828,96.46
270,271,0.0,0.81171,96.21
271,272,0.0,0.80077,96.62
272,273,0.0,0.78549,96.32
273,274,0.0,0.78146,95.8
274,275,0.0,0.75447,94.8
275,276,0.0,0.77933,94.5
276,277,0.0,0.79332,96.06
277,278,5.45814584602352e-07,0.78844,96.36
278,279,0.0,0.79177,94.4
279,280,0.0,0.81632,95.61
280,281,0.0,0.76872,93.93
281,282,0.0,0.79944,95.42
282,283,0.0,0.78856,94.05
283,284,0.0,0.77557,94.58
284,285,0.0,0.8078,94.87
285,286,0.0,0.76005,94.26
286,287,0.0,0.79635,95.66
287,288,0.0,0.83935,95.03
288,289,0.0,0.80378,94.38
289,290,0.0,0.77211,95.29
290,291,0.0,0.79372,95.74
291,292,0.0,0.75034,96.93
292,293,0.0,0.74788,95.78
293,294,0.0,0.76429,95.64
294,295,3.08943481261651e-07,0.76361,95.89
295,296,6.00402630003681e-07,0.78176,95.54
296,297,0.0,0.79581,94.83
297,298,0.0,0.78553,95.11
298,299,0.0,0.75815,94.32
299,300,0.0,0.77863,93.93
300,301,0.0,0.76378,94.36
301,302,0.0,0.77402,95.94
302,303,0.0,0.77749,94.43
303,304,0.0,0.79736,95.05
304,305,0.0,0.79759,94.57
305,306,0.0,0.75832,95.25
306,307,0.0,0.75125,95.46
307,308,0.0,0.7944,94.45
308,309,3.18417389155723e-07,0.76203,95.36
309,310,0.0,0.78401,96.01
310,311,0.0,0.81146,96.13
311,312,0.0,0.78539,96.14
312,313,0.0,0.80228,95.88
313,314,0.0,0.82267,95.03
314,315,0.0,0.79829,93.63
315,316,0.0,0.83733,93.3
316,317,0.0,0.80975,92.68
317,318,0.0,0.80373,89.66
318,319,0.0,0.8367,86.92
319,320,0.0,0.82515,87.03
320,321,0.0,0.8693,87.04
321,322,0.0,0.85252,83.52
322,323,0.0,0.88018,80.67
323,324,0.0,0.89251,81.74
324,325,0.0,0.86843,80.19
325,326,0.0,0.88753,80.1
326,327,0.0,0.86197,78.93
327,328,0.0,0.88636,78.4
328,329,0.0,0.86687,79.28
329,330,0.0,0.84997,82.57
330,331,0.0,0.85537,82.13
331,332,0.0,0.85615,86.23
332,333,3.81726740912518e-07,0.85028,89.91
333,334,0.0,0.85654,91.18
334,335,0.0,0.85016,91.9
335,336,0.0,0.81318,94.43
336,337,0.0,0.81124,94.66
337,338,0.0,0.80873,93.66
338,339,0.0,0.78368,95.74
339,340,0.0,0.80753,95.47
340,341,0.0,0.84599,93.28
341,342,7.63692529750597e-07,0.75125,92.01
342,343,0.0,0.81259,93.71
343,344,0.0,0.87974,92.38
344,345,0.0,0.83277,90.35
345,346,0.0,0.81752,88.92
346,347,0.0,0.87162,88.88
347,348,0.0,0.81789,88.05
348,349,0.0,0.82835,84.85
349,350,4.76812603110725e-07,0.84759,84.39
350,351,0.0,0.79809,79.5
351,352,3.81401344821142e-07,0.79218,77.94
352,353,0.0,0.83002,75.53
353,354,0.0,0.79713,68.93
354,355,0.0,0.81798,73.94
355,356,0.0,0.7934,77.51
356,357,2.24816100429848e-07,0.76207,70.47
357,358,0.0,0.82396,77.36
358,359,0.0,0.83093,79.83
359,360,0.0,0.88364,81.96
360,361,0.0,0.82192,80.09
361,362,0.0,0.87464,80.74
362,363,0.0,0.87464,82.48
363,364,0.0,0.83577,79.23
364,365,4.76546297425888e-07,0.84564,76.84
365,366,3.17687842467494e-07,0.83517,74.39
366,367,2.73413191858411e-06,0.81897,69.24
367,368,1.27069808340608e-06,0.80378,60.65
368,369,3.0842664781563e-07,0.82805,54.93
369,370,2.09794401486543e-06,0.82623,50.6
370,371,4.2357248659499e-07,0.81816,39.24
371,372,3.17715700366136e-07,0.77736,36.91
372,373,0.0,0.59502,38.26
373,374,4.19672731573506e-06,0.54782,37.4
374,375,2.57047338351926e-06,0.5238,35.98
375,376,0.0,0.40535,38.68
376,377,0.0,0.41262,35.74
377,378,3.17836878485876e-07,0.37023,37.18
378,379,6.35690728832134e-07,0.37022,35.93
379,380,9.53576101094324e-07,0.40128,31.49
380,381,0.0,0.45914,29.05
381,382,0.0,0.54948,29.27
382,383,0.0,0.68661,34.34
383,384,0.0,0.73815,31.14
384,385,3.33309557251583e-07,0.79097,38.43
385,386,8.14118110627254e-07,0.84102,39.35
386,387,2.08574236576579e-06,0.85405,41.54
387,388,0.0,0.81305,36.22
388,389,0.0,0.84928,43.34
389,390,0.0,0.84681,39.94
390,391,0.0,0.7887,40.92
391,392,0.0,0.78575,44.93
392,393,0.0,0.78719,42.59
393,394,0.0,0.78346,39.75
394,395,0.0,0.8228,43.76
395,396,1.28606777062724e-06,0.8255,44.97
396,397,0.0,0.79944,41.58
397,398,0.0,0.83378,39.58
398,399,6.58742434343142e-07,0.80528,44.81
399,400,0.0,0.82181,40.6
400,401,0.0,0.81105,40.0
401,402,0.0,0.79364,33.06
402,403,4.59552065410803e-07,0.79234,33.16
403,404,2.30699665946884e-06,0.74404,34.23
404,405,0.0,0.81288,33.8
405,406,4.03841012639416e-07,0.78816,32.12
406,407,0.0,0.68472,34.18
407,408,1.49125972674157e-06,0.66353,35.86
408,409,0.0,0.60354,39.02
409,410,3.96551587396004e-06,0.6538,40.56
410,411,4.95406590096624e-06,0.67547,38.26
411,412,0.0,0.68641,34.29
412,413,9.89096203453133e-07,0.75001,42.44
413,414,0.0,0.69041,37.42
414,415,0.0,0.68824,36.15
415,416,0.0,0.61419,40.9
416,417,0.0,0.41752,35.55
417,418,4.89279625881347e-05,0.37653,33.52
418,419,2.56598691962508e-07,0.33857,34.3
419,420,8.46042094220082e-06,0.31154,35.04
420,421,0.0,0.33261,28.22
421,422,0.0,0.23592,34.48
422,423,0.0,0.23244,32.51
423,424,1.05251864316087e-05,0.27089,37.28
424,425,0.0,0.31812,34.18
425,426,0.0,0.39539,31.57
426,427,0.0,0.37752,32.41
427,428,2.91361453404165e-07,0.40771,35.87
428,429,0.0,0.40906,37.15
429,430,9.61967647104093e-07,0.37813,40.74
430,431,4.52455186370405e-06,0.3812,36.1
431,432,1.03325425494102e-05,0.41429,36.15
432,433,0.0,0.45711,34.74
433,434,2.58592511988349e-07,0.53396,38.64
434,435,2.9583418139132e-07,0.75031,33.31
435,436,0.0,0.76496,32.18
436,437,6.78063558965763e-07,0.79104,34.29
437,438,5.03098077964103e-07,0.81378,31.32
438,439,0.0,0.79428,34.02
439,440,2.85868654787871e-07,0.82063,32.37
440,441,3.231747092422e-06,0.77796,35.3
441,442,6.61676303982034e-07,0.83206,34.05
442,443,0.0,0.81933,30.58
443,444,0.0,0.84624,36.18
444,445,0.0,0.84304,33.35
445,446,0.0,0.82763,38.16
446,447,6.5704101578541e-07,0.82243,41.38
447,448,4.92045590976278e-07,0.79558,36.05
448,449,6.54721919958936e-07,0.70198,40.2
449,450,0.000216793041899341,0.66265,39.95
450,451,2.61813688143244e-06,0.67856,33.34
451,452,0.0,0.67806,39.43
452,453,0.0,0.7647,32.18
453,454,0.0,0.7459,35.91
454,455,0.0,0.80623,32.24
455,456,9.7744449092736e-07,0.76045,34.71
456,457,6.5106709897522e-07,0.80282,34.03
457,458,7.16087091814083e-06,0.75991,40.7
458,459,0.0,0.70307,39.23
459,460,6.50058960347704e-07,0.51958,33.15
460,461,5.56427291645801e-07,0.5132,36.12
461,462,0.0,0.55339,28.48
462,463,3.24281343899717e-07,0.63261,35.42
463,464,2.77730100777144e-07,0.74819,26.81
464,465,4.63871070349361e-06,0.79294,32.09
465,466,0.0,0.81409,30.98
466,467,0.0,0.84498,37.29
467,468,0.0,0.82421,34.76
468,469,3.55876491446023e-06,0.7926,35.36
469,470,1.45511268392624e-06,0.78636,34.17
470,471,0.0,0.77468,34.54
471,472,2.42167808730053e-07,0.77842,35.64
472,473,0.0,0.71105,36.32
473,474,1.88930737047145e-06,0.78308,34.34
474,475,0.0,0.76771,32.26
475,476,0.0,0.81098,34.77
476,477,0.0,0.84046,36.88
477,478,1.23895267200793e-06,0.83284,34.96
478,479,0.0,0.84257,30.97
479,480,0.0,0.82904,31.91
480,481,0.0,0.85236,33.52
481,482,0.0,0.83295,30.84
482,483,0.0,0.83999,31.78
483,484,0.0,0.8386,28.36
484,485,0.0,0.8245,30.92
485,486,0.0,0.83764,32.23
486,487,9.63478388216274e-07,0.76978,33.8
487,488,0.0,0.77072,36.65
488,489,4.17192971646282e-06,0.78869,41.68
489,490,0.0,0.70855,37.37
490,491,3.84937399555397e-07,0.81382,37.31
491,492,0.0,0.75318,37.14
492,493,2.88561425108691e-06,0.8222,41.6
493,494,0.0,0.85722,42.82
494,495,2.88492606896127e-06,0.79832,38.38
495,496,9.61105963854727e-07,0.83207,39.66
496,497,4.16316000497017e-06,0.82022,43.44
497,498,8.23509098540275e-07,0.70973,43.49
498,499,5.49007120622354e-07,0.76549,37.17
499,500,0.0,0.77879,38.14
500,501,3.02205008624931e-07,0.7619,37.9
501,502,8.00656922992177e-06,0.80566,38.11
502,503,0.0,0.82992,37.19
503,504,3.07508985028156e-06,0.84095,37.97
504,505,0.0,0.86274,37.72
505,506,9.60943415807904e-07,0.78213,33.7
506,507,0.0,0.70751,34.64
507,508,2.74750636322474e-07,0.62932,29.46
508,509,1.88508165231177e-06,0.59824,34.88
509,510,0.0,0.67193,34.87
510,511,0.0,0.74747,33.37
511,512,0.0,0.7822,32.48
512,513,0.0,0.80217,35.46
513,514,6.16214134411708e-06,0.76074,40.01
514,515,0.000329019521824962,0.7476,37.07
515,516,2.40475718685733e-07,0.75322,31.44
516,517,1.64866870002473e-06,0.63781,38.99
517,518,0.0,0.59993,34.45
518,519,0.0,0.65224,37.01
519,520,2.16259649986159e-06,0.71512,33.87
520,521,0.0,0.71581,36.12
521,522,2.33197643397895e-07,0.76492,34.07
522,523,2.62654289696125e-07,0.8459,28.65
523,524,0.0,0.76275,33.39
524,525,1.09808176097176e-06,0.85568,33.76
525,526,1.37244396036821e-06,0.81577,29.45
526,527,1.44103570117915e-06,0.81931,32.4
527,528,0.0,0.77401,37.14
528,529,3.2022830997588e-07,0.73981,48.68
529,530,1.37241759044095e-06,0.78351,53.66
530,531,0.0,0.81479,63.21
531,532,3.84360376288808e-07,0.78477,72.11
532,533,0.0,0.81818,81.6
533,534,6.40867888929904e-07,0.83474,82.21
534,535,0.0,0.7776,84.74
535,536,0.0,0.75804,86.44
536,537,8.24299469096189e-07,0.80999,86.67
537,538,3.20644161294274e-07,0.76296,88.82
538,539,0.0,0.774,90.19
539,540,0.0,0.8095,89.69
540,541,0.0,0.8255,89.24
541,542,0.0,0.80048,91.66
542,543,6.42031902565239e-07,0.79354,92.17
543,544,0.0,0.86626,92.15
544,545,9.03495805972469e-07,0.77938,92.88
545,546,0.0,0.86202,93.88
546,547,1.14795845155711e-06,0.84002,93.64
547,548,0.0,0.83488,94.76
548,549,0.0,0.78915,95.07
549,550,3.18604258464519e-07,0.81625,94.43
550,551,0.0,0.80222,93.67
551,552,0.0,0.82888,94.33
552,553,7.6403678837136e-07,0.84257,92.83
553,554,0.0,0.84028,91.04
554,555,0.0,0.85607,92.96
555,556,0.0,0.83927,91.15
556,557,0.0,0.83665,87.76
557,558,0.0,0.83903,87.12
558,559,0.0,0.81458,86.06
559,560,0.0,0.84883,85.95
560,561,0.0,0.85411,84.88
561,562,0.0,0.86988,87.3
562,563,0.0,0.85911,87.91
563,564,1.59055540922446e-06,0.83841,91.97
564,565,0.0,0.88011,89.99
565,566,0.0,0.84738,89.81
566,567,3.00155360414551e-07,0.83374,92.03
567,568,0.0,0.84894,93.46
568,569,0.0,0.84468,90.46
569,570,0.0,0.86378,89.7
570,571,0.0,0.86204,94.4
571,572,0.0,0.84569,95.14
572,573,0.0,0.8247,91.3
573,574,0.0,0.81734,93.08
574,575,0.0,0.87221,95.87
575,576,0.0,0.80738,94.31
576,577,0.0,0.83355,94.22
577,578,0.0,0.86693,94.26
578,579,0.0,0.79913,95.14
579,580,0.0,0.78338,92.14
580,581,0.0,0.8321,94.47
581,582,0.0,0.81029,94.49
582,583,0.0,0.82548,93.91
583,584,0.0,0.80103,90.2
584,585,0.0,0.74974,92.19
585,586,0.0,0.74901,90.24
586,587,0.0,0.64406,85.24
587,588,0.0,0.66296,87.12
588,589,0.0,0.70078,86.97
589,590,0.0,0.78494,83.13
590,591,0.0,0.85222,78.84
591,592,0.0,0.82961,79.94
592,593,2.36126234434221e-06,0.82265,74.12
593,594,0.0,0.79464,62.7
594,595,0.0,0.79581,58.03
595,596,0.0,0.75567,51.16
596,597,1.01699396922576e-06,0.6758,48.92
597,598,1.35986705939627e-06,0.66703,41.28
598,599,0.0,0.70066,40.14
599,600,1.36153897473392e-06,0.71874,43.96
600,601,3.57231800570754e-06,0.80121,34.43
601,602,0.0,0.78879,40.93
602,603,0.0,0.80683,37.17
603,604,5.36565124697735e-06,0.80612,35.49
604,605,1.16599039223917e-05,0.63462,38.32
605,606,0.0,0.77249,33.26
606,607,0.0,0.69574,31.98
607,608,2.40718579347721e-06,0.66474,32.45
608,609,0.0,0.70432,33.98
609,610,2.94697247203544e-07,0.71386,30.46
610,611,3.08826254349303e-05,0.65708,37.04
611,612,2.93893337291097e-07,0.77115,37.22
612,613,0.0,0.71805,48.26
613,614,0.0,0.77089,54.14
614,615,0.0,0.7859,52.19
615,616,0.0,0.82801,55.62
616,617,1.69353631382176e-06,0.84615,59.47
617,618,0.0,0.84275,65.77
618,619,0.0,0.88422,64.43
619,620,0.0,0.87769,66.94
620,621,0.0,0.81022,69.74
621,622,4.04979629524635e-07,0.83746,72.81
622,623,0.0,0.7949,75.23
623,624,3.4919736984541e-06,0.75039,75.9
624,625,2.87913368019217e-07,0.8189,78.18
625,626,0.0,0.80865,82.96
626,627,0.0,0.82266,85.14
627,628,0.0,0.80592,85.97
628,629,0.0,0.83384,86.9
629,630,0.0,0.80001,86.61
630,631,0.0,0.70846,87.62
631,632,0.0,0.76364,86.63
632,633,2.29373676409626e-06,0.77189,85.16
633,634,5.35948763298229e-07,0.73121,86.67
634,635,2.75939408121007e-07,0.71495,87.13
635,636,0.0,0.74626,86.8
636,637,0.0,0.70963,84.51
637,638,0.0,0.73671,84.43
638,639,0.0,0.74417,83.87
639,640,4.99796332994305e-07,0.70391,83.06
640,641,6.62971264836468e-07,0.72659,80.81
641,642,0.0,0.70343,79.4
642,643,2.83895086003177e-07,0.70858,81.93
643,644,0.0,0.75633,76.9
644,645,8.83345015571164e-07,0.70608,76.92
645,646,1.136194498319e-06,0.76508,76.59
646,647,7.95535455026392e-06,0.7466,73.93
647,648,4.41899984334646e-07,0.76628,69.24
648,649,1.65834839113673e-06,0.7198,55.3
649,650,0.0,0.6797,56.29
650,651,9.95211044454087e-07,0.71743,55.83
651,652,7.97321001435178e-06,0.69726,54.87
652,653,3.31986794893246e-07,0.62658,55.66
653,654,2.84705857566784e-07,0.71308,50.77
654,655,0.0,0.71047,52.57
655,656,1.70919232116863e-06,0.68449,50.09
656,657,2.6593375324273e-06,0.7178,48.09
657,658,1.87922590926346e-06,0.73906,43.05
658,659,9.998680174217e-07,0.73216,48.81
659,660,6.66400106624017e-07,0.68716,39.26
660,661,0.0,0.59854,39.36
661,662,0.0,0.60503,33.98
662,663,4.86557002442516e-06,0.51886,34.26
663,664,8.4689494437594e-06,0.55157,45.37
664,665,0.0,0.58567,34.01
665,666,1.34281900679735e-06,0.69463,45.89
666,667,9.48878236149224e-07,0.73156,40.61
667,668,1.2665963705681e-06,0.76551,39.72
668,669,6.76750245321964e-07,0.77228,46.85
669,670,0.0,0.78021,38.26
670,671,0.0,0.78082,36.32
671,672,0.0,0.73827,33.59
672,673,6.27304560127769e-07,0.73743,40.4
673,674,0.0,0.65522,31.64
674,675,4.23687322522088e-06,0.64413,33.44
675,676,0.0,0.63492,33.87
676,677,4.15240065381436e-06,0.57415,31.88
677,678,0.0,0.55321,33.37
678,679,1.75810133093294e-06,0.50938,31.64
679,680,3.15607550847532e-07,0.35257,34.52
680,681,0.0,0.47152,35.11
681,682,0.0,0.56888,33.9
682,683,7.15796385514572e-07,0.5784,35.7
683,684,4.07777125334377e-06,0.60209,35.44
684,685,0.0,0.6572,34.61
685,686,4.38939171809571e-06,0.62997,34.07
686,687,0.0,0.5912,32.58
687,688,0.0,0.68721,27.04
688,689,0.000240659474119872,0.60867,31.24
689,690,2.62589181850886e-06,0.6236,37.33
690,691,4.96741376569703e-06,0.68417,29.53
691,692,0.0,0.69459,30.33
692,693,0.0,0.59774,29.97
693,694,4.08875877549852e-06,0.69098,33.05
694,695,0.0,0.68403,34.21
695,696,2.76599022450037e-05,0.56848,33.47
696,697,1.51330803082306e-06,0.66882,31.89
697,698,0.0,0.69566,29.35
698,699,3.30348306039956e-07,0.65899,29.87
699,700,1.07490820283948e-06,0.70111,30.6
700,701,0.0,0.67598,30.19
701,702,1.83001033955842e-06,0.63064,30.87
702,703,3.85719134754837e-06,0.65117,25.83
703,704,4.3301852886285e-07,0.63333,37.97
704,705,4.90125311675141e-06,0.53845,37.59
705,706,8.70013084996798e-07,0.42804,32.6
706,707,1.52716691101337e-05,0.33483,31.27
707,708,3.32297514509534e-06,0.45186,37.55
708,709,0.0,0.47314,36.62
709,710,0.0,0.50582,32.0
710,711,0.0,0.56289,32.98
711,712,0.0,0.71446,29.29
712,713,2.32622624690379e-06,0.71804,42.0
713,714,4.85335585290449e-07,0.73266,35.72
714,715,0.0,0.75568,30.01
715,716,0.0,0.74417,36.02
716,717,0.0,0.72578,32.71
717,718,0.0,0.74612,33.59
718,719,0.0,0.67592,32.55
719,720,0.0,0.56963,38.72
720,721,0.0,0.52495,33.14
721,722,0.0,0.30845,33.74
722,723,0.0,0.42621,36.85
723,724,3.83216014487755e-06,0.43604,35.76
724,725,8.8146110993583e-06,0.54037,35.97
725,726,0.0,0.5904,34.95
726,727,1.65840779584337e-06,0.58205,38.73
727,728,3.7775763070414e-07,0.63708,38.77
728,729,0.0,0.68395,36.57
729,730,5.63746796508829e-07,0.62876,40.86
730,731,5.64652100901072e-07,0.72936,38.74
731,732,5.6328796304831e-06,0.72778,45.56
732,733,0.0,0.65787,41.36
733,734,0.0,0.66628,38.38
734,735,3.45904661757126e-06,0.67839,36.6
735,736,0.0,0.61778,39.55
736,737,2.31793759184828e-06,0.60725,36.74
737,738,0.0,0.66095,38.85
738,739,0.0,0.65984,42.14
739,740,1.15890029633081e-06,0.66588,36.04
740,741,1.16664741698429e-06,0.7118,37.5
741,742,0.0,0.66137,42.07
742,743,1.74618197311578e-06,0.72372,56.05
743,744,0.0,0.76479,56.16
744,745,5.19243151182836e-07,0.73318,55.28
745,746,0.0,0.7491,54.1
746,747,5.63651469495746e-07,0.67086,43.69
747,748,1.8840850581504e-06,0.7376,35.47
748,749,0.0,0.70835,33.45
749,750,0.0,0.71329,31.38
750,751,1.54741640975587e-05,0.70899,35.51
751,752,0.0,0.62458,31.63
752,753,0.0,0.6236,34.65
753,754,3.19673677110406e-06,0.60727,33.01
754,755,0.000366038388671587,0.62417,36.06
755,756,5.65093488644262e-05,0.57099,32.56
756,757,0.0,0.61883,33.57
757,758,0.0,0.60271,34.02
758,759,1.75405361791099e-06,0.59563,33.48
759,760,8.65261482019866e-06,0.66625,35.03
760,761,5.16227615080041e-06,0.5857,35.95
761,762,0.0,0.5846,36.7
762,763,0.0,0.53144,34.74
763,764,0.0,0.57581,32.92
764,765,3.78171344898317e-07,0.50947,34.72
765,766,0.0,0.4481,34.23
766,767,8.73372615692759e-06,0.43576,33.47
767,768,7.93188100592115e-07,0.31124,32.78
768,769,0.0,0.44719,34.88
769,770,0.0,0.41838,28.53
770,771,6.47473816158875e-06,0.36963,35.78
771,772,8.45482922935923e-06,0.48446,35.95
772,773,4.17157870058661e-07,0.39527,34.84
773,774,3.81125157690534e-06,0.45784,32.72
774,775,0.0,0.46464,28.68
775,776,2.30329832319882e-06,0.48966,38.45
776,777,1.81302294380535e-05,0.53256,38.83
777,778,2.24103697262797e-06,0.57115,33.6
778,779,1.78583164036494e-06,0.54675,33.87
779,780,0.07633089264459,0.5608,30.2
780,781,3.96403038825696e-07,0.57495,32.49
781,782,7.74407069113793e-06,0.62359,33.92
782,783,0.0,0.6177,33.76
783,784,0.0,0.68221,35.36
784,785,0.0,0.71302,35.98
785,786,6.65330682655894e-07,0.69935,36.26
786,787,0.0,0.71355,33.87
787,788,0.0,0.72628,38.73
788,789,1.71212940958929e-06,0.72552,37.71
789,790,0.0,0.736,38.6
790,791,0.0,0.73034,40.31
791,792,0.0,0.74211,37.94
792,793,8.65630630463521e-06,0.75895,39.96
793,794,0.0,0.75029,36.54
794,795,6.94046010623531e-07,0.78207,45.8
795,796,2.80248322433542e-07,0.75249,44.64
796,797,0.0,0.74811,42.42
797,798,0.0,0.73425,38.19
798,799,0.0,0.73364,42.3
799,800,1.957215274108e-06,0.74535,38.6
800,801,0.0,0.76741,34.58
801,802,0.0,0.76956,33.95
802,803,0.0,0.78319,31.59
803,804,3.25526555479816e-07,0.78461,31.91
804,805,0.0,0.7978,31.3
805,806,0.0,0.76669,28.76
806,807,0.0,0.77024,27.1
807,808,0.0,0.75023,35.31
808,809,5.57619677729284e-07,0.77169,29.71
809,810,3.25088440310186e-07,0.75459,37.61
810,811,5.57116254841688e-07,0.70336,36.26
811,812,0.0,0.72413,39.43
812,813,2.43578301655163e-07,0.67918,42.99
813,814,0.0,0.65035,36.48
814,815,8.43494632000162e-07,0.67015,34.86
815,816,0.0,0.57812,38.8
816,817,0.0,0.6623,39.6
817,818,0.0,0.62224,36.52
818,819,0.0,0.61281,32.71
819,820,0.0,0.61274,28.95
820,821,0.0,0.65718,31.93
821,822,4.5430591142852e-06,0.53493,31.15
822,823,0.0,0.4734,32.74
823,824,1.29847195819959e-06,0.39541,29.09
824,825,0.0,0.52616,31.76
825,826,0.0,0.58713,28.29
826,827,0.0,0.68273,27.92
827,828,9.75080834201155e-07,0.67071,30.1
828,829,5.57308600720712e-07,0.72604,25.04
829,830,3.25372128102911e-07,0.71679,28.78
830,831,0.0,0.77135,27.95
831,832,3.26497775897151e-07,0.79156,32.0
832,833,0.0,0.7931,29.26
833,834,0.0,0.70398,29.64
834,835,1.31493476608625e-06,0.61937,30.33
835,836,2.82658744684249e-07,0.58794,31.75
836,837,0.0,0.57744,29.75
837,838,2.85017133804999e-07,0.62442,30.72
838,839,0.0,0.68507,33.48
839,840,0.0,0.73743,29.1
840,841,0.0,0.71555,34.72
841,842,0.0,0.74628,28.49
842,843,0.0,0.73611,30.25
843,844,0.0,0.70781,29.34
844,845,0.0,0.73366,31.57
845,846,2.89220213137944e-07,0.76451,29.91
846,847,7.04580123090148e-07,0.68392,33.66
847,848,3.93223402369064e-06,0.76061,30.94
848,849,2.19155986464926e-06,0.71251,31.84
849,850,2.18592613318411e-06,0.67492,35.07
850,851,0.0,0.67796,32.69
851,852,1.72915845316401e-06,0.59805,38.32
852,853,0.0,0.52417,37.25
853,854,3.43577438231648e-05,0.47339,29.43
854,855,1.30201269462377e-06,0.51862,33.75
855,856,3.61467819604424e-07,0.53656,28.48
856,857,2.70902498127387e-06,0.61094,35.55
857,858,6.12339873123178e-06,0.63367,34.02
858,859,0.0,0.62538,33.32
859,860,6.43784007890217e-07,0.6222,41.49
860,861,0.0,0.61726,38.83
861,862,0.0,0.62613,34.23
862,863,0.0,0.6015,35.34
863,864,0.0,0.66308,31.47
864,865,1.87091859109353e-06,0.59772,37.26
865,866,0.0,0.63029,35.18
866,867,0.0,0.77927,30.29
867,868,3.57004135535906e-07,0.5961,38.58
868,869,1.53876455671271e-06,0.64025,34.12
869,870,0.0,0.63782,38.32
870,871,1.82457779269877e-05,0.53425,30.57
871,872,3.32246002914462e-07,0.45264,32.92
